company_id,sic_code,regional_folder,quality_flag,Certification / Quality Capability,Commercial & Supply Readiness,"Design, Engineering & Product Lifecycle Support",Digital / Smart Manufacturing Capability,Material Capability,Process Capability,Sector / Market Capability,"Sustainability, Circularity & Lifecycle Management Capability",n_dimensions_detected
RMCT_COMP_0001,20110,Chemicals___Materials,usable,1,0,0,0,0,0,1,0,2
RMCT_COMP_0002,20110,Chemicals___Materials,usable_rich,0,1,0,0,0,0,0,0,1
RMCT_COMP_0003,20110,Chemicals___Materials,usable_rich,1,1,1,0,1,0,1,0,5
RMCT_COMP_0004,20110,Chemicals___Materials,short_but_usable,0,0,0,0,0,0,1,0,1
RMCT_COMP_0005,20130,Chemicals___Materials,short_but_usable,0,0,0,0,0,0,0,0,0
RMCT_COMP_0006,20130,Chemicals___Materials,usable,0,1,1,0,0,0,1,0,3
RMCT_COMP_0007,20140,Chemicals___Materials,usable_rich,0,1,0,0,1,0,1,1,4
RMCT_COMP_0008,20590,Chemicals___Materials,usable,1,0,0,0,0,0,0,1,2
RMCT_COMP_0009,20590,Chemicals___Materials,usable_rich,1,1,1,0,0,0,1,0,4
RMCT_COMP_0010,20590,Chemicals___Materials,usable_rich,1,1,1,0,1,1,1,1,7
RMCT_COMP_0011,20590,Chemicals___Materials,usable_rich,1,1,1,0,0,1,0,1,5
RMCT_COMP_0012,20590,Chemicals___Materials,usable_rich,1,1,0,0,1,0,1,0,4
RMCT_COMP_0013,20590,Chemicals___Materials,usable_rich,1,1,1,0,1,1,1,1,7
RMCT_COMP_0014,20590,Chemicals___Materials,usable_rich,1,1,1,0,0,1,1,1,6
RMCT_COMP_0015,20590,Chemicals___Materials,usable,0,0,0,0,1,0,0,0,1
RMCT_COMP_0016,20590,Chemicals___Materials,usable_rich,1,1,1,0,0,1,1,1,6
RMCT_COMP_0017,20590,Chemicals___Materials,usable_rich,0,1,1,0,1,0,1,0,4
RMCT_COMP_0018,20590,Chemicals___Materials,usable,1,1,1,0,0,1,1,0,5
RMCT_COMP_0019,20590,Chemicals___Materials,usable_rich,0,0,1,0,1,1,1,0,4
RMCT_COMP_0020,20590,Chemicals___Materials,short_but_usable,0,0,0,0,0,0,0,0,0
RMCT_COMP_0021,20590,Chemicals___Materials,usable_rich,1,1,1,0,1,1,1,1,7
RMCT_COMP_0022,20590,Chemicals___Materials,usable_rich,0,1,1,0,1,1,1,0,5
RMCT_COMP_0023,20590,Chemicals___Materials,usable_rich,1,1,1,0,1,1,1,1,7
RMCT_COMP_0024,20590,Chemicals___Materials,usable_rich,1,1,1,0,1,1,1,1,7
RMCT_COMP_0025,20590,Chemicals___Materials,usable_rich,1,1,1,0,1,1,1,1,7
RMCT_COMP_0026,24100,Primary_Metal_Production,short_but_usable,0,0,0,0,1,0,0,0,1
RMCT_COMP_0027,24100,Primary_Metal_Production,short_but_usable,0,0,0,0,1,0,0,0,1
RMCT_COMP_0028,24100,Primary_Metal_Production,short_but_usable,0,0,0,0,1,0,0,0,1
RMCT_COMP_0029,24100,Primary_Metal_Production,short_but_usable,0,0,0,0,1,0,0,0,1
RMCT_COMP_0030,24100,Primary_Metal_Production,usable_rich,0,1,1,0,1,1,1,0,5
RMCT_COMP_0031,24100,Primary_Metal_Production,usable_rich,0,1,1,1,1,1,1,1,7
RMCT_COMP_0032,24100,Primary_Metal_Production,usable_rich,0,1,1,1,1,0,0,0,4
RMCT_COMP_0033,24100,Primary_Metal_Production,usable,0,1,1,0,1,0,0,0,3
RMCT_COMP_0034,24100,Primary_Metal_Production,usable_rich,1,1,1,1,1,1,1,0,7
RMCT_COMP_0035,24100,Primary_Metal_Production,very_short,0,0,0,0,1,0,0,0,1
RMCT_COMP_0036,24100,Primary_Metal_Production,usable,0,1,0,0,1,1,1,0,4
RMCT_COMP_0037,24100,Primary_Metal_Production,usable_rich,0,1,0,0,1,0,1,1,4
RMCT_COMP_0038,24100,Primary_Metal_Production,usable,1,1,0,0,1,0,1,0,4
RMCT_COMP_0039,24100,Primary_Metal_Production,usable,1,0,0,0,1,0,1,0,3
RMCT_COMP_0040,24100,Primary_Metal_Production,short_but_usable,0,0,1,0,1,0,0,0,2
RMCT_COMP_0041,24100,Primary_Metal_Production,usable,0,1,1,0,1,0,1,0,4
RMCT_COMP_0042,24100,Primary_Metal_Production,usable,0,1,0,0,1,1,1,0,4
RMCT_COMP_0043,24100,Primary_Metal_Production,usable_rich,1,1,0,1,1,1,0,0,5
RMCT_COMP_0044,24100,Primary_Metal_Production,usable_rich,0,1,0,0,1,0,1,1,4
RMCT_COMP_0045,24100,Primary_Metal_Production,usable_rich,1,1,1,1,1,1,1,1,8
RMCT_COMP_0046,24100,Primary_Metal_Production,usable_rich,0,0,0,0,1,0,0,0,1
RMCT_COMP_0047,24200,Primary_Metal_Production,usable_rich,0,1,1,1,1,1,1,0,6
RMCT_COMP_0048,24200,Primary_Metal_Production,short_but_usable,0,0,0,0,1,0,0,0,1
RMCT_COMP_0049,24200,Primary_Metal_Production,usable_rich,0,0,1,0,1,1,0,0,3
RMCT_COMP_0050,24200,Primary_Metal_Production,usable_rich,0,1,1,1,1,1,1,0,6
RMCT_COMP_0051,24200,Primary_Metal_Production,short_but_usable,0,0,0,0,1,0,0,0,1
RMCT_COMP_0052,24200,Primary_Metal_Production,usable,1,1,0,0,1,1,0,0,4
RMCT_COMP_0053,24200,Primary_Metal_Production,usable,0,1,0,0,1,1,0,0,3
RMCT_COMP_0054,24200,Primary_Metal_Production,usable_rich,0,1,0,0,1,0,1,0,3
RMCT_COMP_0055,24200,Primary_Metal_Production,usable_rich,0,1,0,0,1,1,1,0,4
RMCT_COMP_0056,24200,Primary_Metal_Production,usable,0,1,1,1,1,1,0,0,5
RMCT_COMP_0057,24200,Primary_Metal_Production,usable_rich,0,1,0,0,1,0,1,0,3
RMCT_COMP_0058,24200,Primary_Metal_Production,usable,0,1,0,0,1,0,1,1,4
RMCT_COMP_0059,24200,Primary_Metal_Production,usable_rich,1,1,0,0,1,0,1,0,4
RMCT_COMP_0060,24200,Primary_Metal_Production,usable_rich,1,1,0,0,1,0,1,0,4
RMCT_COMP_0061,24200,Primary_Metal_Production,usable,1,1,0,0,1,0,1,0,4
RMCT_COMP_0062,24200,Primary_Metal_Production,usable_rich,1,1,1,0,1,1,1,1,7
RMCT_COMP_0063,24200,Primary_Metal_Production,short_but_usable,0,0,0,0,1,0,0,0,1
RMCT_COMP_0064,24200,Primary_Metal_Production,usable_rich,1,1,1,1,1,1,1,1,8
RMCT_COMP_0065,24200,Primary_Metal_Production,usable,0,0,1,0,1,1,0,0,3
RMCT_COMP_0066,24200,Primary_Metal_Production,usable_rich,1,1,0,0,1,1,1,0,5
RMCT_COMP_0067,24200,Primary_Metal_Production,usable_rich,0,1,1,0,1,1,1,1,6
RMCT_COMP_0068,24320,Forging__Forming___Pressing,usable_rich,1,1,1,0,1,1,1,0,6
RMCT_COMP_0069,24320,Forging__Forming___Pressing,usable,1,1,0,0,1,1,0,0,4
RMCT_COMP_0070,24330,Forging__Forming___Pressing,usable_rich,1,1,1,0,1,1,1,0,6
RMCT_COMP_0071,24330,Forging__Forming___Pressing,usable_rich,1,1,1,0,1,1,1,1,7
RMCT_COMP_0072,24330,Forging__Forming___Pressing,usable_rich,0,1,1,0,1,1,1,1,6
RMCT_COMP_0073,24330,Forging__Forming___Pressing,usable,0,1,1,0,1,1,0,0,4
RMCT_COMP_0074,24330,Forging__Forming___Pressing,usable_rich,1,1,1,0,1,1,1,0,6
RMCT_COMP_0075,24330,Forging__Forming___Pressing,usable,1,1,0,0,0,1,1,0,4
RMCT_COMP_0076,24330,Forging__Forming___Pressing,usable_rich,1,1,1,0,1,1,1,0,6
RMCT_COMP_0077,24330,Forging__Forming___Pressing,usable,0,1,1,0,1,1,1,0,5
RMCT_COMP_0078,24340,Forging__Forming___Pressing,usable_rich,1,1,0,0,1,1,1,0,5
RMCT_COMP_0079,24340,Forging__Forming___Pressing,usable,0,1,0,0,1,1,0,0,3
RMCT_COMP_0080,24340,Forging__Forming___Pressing,usable_rich,1,1,1,0,1,1,0,1,6
RMCT_COMP_0081,24340,Forging__Forming___Pressing,usable,1,1,0,0,1,1,0,0,4
RMCT_COMP_0082,24410,Primary_Metal_Production,usable_rich,0,1,0,0,1,1,0,0,3
RMCT_COMP_0083,24410,Primary_Metal_Production,usable,0,1,1,0,1,1,0,0,4
RMCT_COMP_0084,24410,Primary_Metal_Production,usable,0,1,1,0,1,0,0,0,3
RMCT_COMP_0085,24420,Primary_Metal_Production,usable,1,0,0,0,1,0,0,0,2
RMCT_COMP_0086,24420,Primary_Metal_Production,usable_rich,1,1,0,0,1,1,1,0,5
RMCT_COMP_0087,24420,Primary_Metal_Production,usable_rich,0,1,1,0,1,1,1,1,6
RMCT_COMP_0088,24420,Primary_Metal_Production,usable_rich,1,1,0,0,1,1,1,1,6
RMCT_COMP_0089,24420,Primary_Metal_Production,usable_rich,1,1,0,0,1,1,1,1,6
RMCT_COMP_0090,24420,Primary_Metal_Production,usable_rich,0,1,1,1,1,1,1,1,7
RMCT_COMP_0091,24420,Primary_Metal_Production,short_but_usable,0,0,0,0,1,0,0,0,1
RMCT_COMP_0092,24420,Primary_Metal_Production,usable,0,1,0,0,1,1,0,0,3
RMCT_COMP_0093,24430,Primary_Metal_Production,usable_rich,1,1,0,0,1,1,1,1,6
RMCT_COMP_0094,24440,Primary_Metal_Production,usable_rich,0,1,1,1,1,0,1,1,6
RMCT_COMP_0095,24440,Primary_Metal_Production,usable_rich,1,1,1,0,1,1,1,0,6
RMCT_COMP_0096,24450,Primary_Metal_Production,usable_rich,1,1,1,0,1,1,1,0,6
RMCT_COMP_0097,24450,Primary_Metal_Production,usable_rich,1,0,1,1,1,1,1,0,6
RMCT_COMP_0098,24450,Primary_Metal_Production,usable_rich,0,1,1,0,1,1,1,0,5
RMCT_COMP_0099,24450,Primary_Metal_Production,usable,1,1,0,0,1,1,1,0,5
RMCT_COMP_0100,24450,Primary_Metal_Production,usable,1,1,1,1,1,0,0,0,5
RMCT_COMP_0101,24450,Primary_Metal_Production,usable_rich,1,1,0,0,1,1,1,0,5
RMCT_COMP_0102,24450,Primary_Metal_Production,usable_rich,1,1,0,0,1,0,1,1,5
RMCT_COMP_0103,24450,Primary_Metal_Production,short_but_usable,0,0,1,0,1,0,0,0,2
RMCT_COMP_0104,24450,Primary_Metal_Production,usable_rich,1,1,1,0,1,1,0,0,5
RMCT_COMP_0105,24450,Primary_Metal_Production,usable_rich,1,1,1,0,1,1,1,1,7
RMCT_COMP_0106,24450,Primary_Metal_Production,usable_rich,1,1,1,0,1,1,0,0,5
RMCT_COMP_0107,24450,Primary_Metal_Production,usable_rich,1,1,0,0,1,1,1,0,5
RMCT_COMP_0108,24450,Primary_Metal_Production,usable,0,0,0,0,1,1,1,0,3
RMCT_COMP_0109,24450,Primary_Metal_Production,usable_rich,1,1,0,0,1,1,0,0,4
RMCT_COMP_0110,24510,Casting___Foundry,usable_rich,0,1,1,0,1,1,1,1,6
RMCT_COMP_0111,24510,Casting___Foundry,usable_rich,1,1,1,1,1,1,1,0,7
RMCT_COMP_0112,24510,Casting___Foundry,usable,0,1,0,1,0,1,1,0,4
RMCT_COMP_0113,24510,Casting___Foundry,usable,0,1,0,0,1,1,1,0,4
RMCT_COMP_0114,24510,Casting___Foundry,usable_rich,1,1,1,0,1,1,1,0,6
RMCT_COMP_0115,24510,Casting___Foundry,usable_rich,1,1,1,0,1,1,0,0,5
RMCT_COMP_0116,24510,Casting___Foundry,usable_rich,1,1,0,0,1,1,1,0,5
RMCT_COMP_0117,24510,Casting___Foundry,usable_rich,0,1,1,0,1,1,0,1,5
RMCT_COMP_0118,24510,Casting___Foundry,usable_rich,0,1,1,0,1,1,0,1,5
RMCT_COMP_0119,24510,Casting___Foundry,usable,1,1,1,0,1,1,1,0,6
RMCT_COMP_0120,24520,Casting___Foundry,usable,0,0,1,0,0,1,1,0,3
RMCT_COMP_0121,24520,Casting___Foundry,usable_rich,1,0,1,0,1,1,1,0,5
RMCT_COMP_0122,24520,Casting___Foundry,usable_rich,1,1,1,0,1,1,0,0,5
RMCT_COMP_0123,24520,Casting___Foundry,usable,1,1,0,0,1,1,0,0,4
RMCT_COMP_0124,24530,Casting___Foundry,usable_rich,1,1,1,0,1,1,1,0,6
RMCT_COMP_0125,24530,Casting___Foundry,short_but_usable,1,1,0,0,1,1,1,0,5
RMCT_COMP_0126,24530,Casting___Foundry,usable,0,1,1,1,1,1,1,0,6
RMCT_COMP_0127,24530,Casting___Foundry,usable,1,1,1,0,1,1,1,1,7
RMCT_COMP_0128,24530,Casting___Foundry,usable_rich,1,1,1,0,1,1,0,0,5
RMCT_COMP_0129,25110,Metal_Structures___Fabrication,usable_rich,0,1,1,0,1,1,1,0,5
RMCT_COMP_0130,25110,Metal_Structures___Fabrication,usable_rich,1,1,1,1,1,1,1,1,8
RMCT_COMP_0131,25110,Metal_Structures___Fabrication,usable,0,1,0,0,1,1,0,0,3
RMCT_COMP_0132,25110,Metal_Structures___Fabrication,usable,0,1,0,0,1,1,0,0,3
RMCT_COMP_0133,25110,Metal_Structures___Fabrication,usable,1,1,0,0,1,1,0,0,4
RMCT_COMP_0134,25110,Metal_Structures___Fabrication,usable_rich,1,1,1,1,1,1,1,1,8
RMCT_COMP_0135,25110,Metal_Structures___Fabrication,usable_rich,1,1,1,0,1,1,1,0,6
RMCT_COMP_0136,25110,Metal_Structures___Fabrication,usable_rich,1,1,1,0,1,1,1,0,6
RMCT_COMP_0137,25110,Metal_Structures___Fabrication,usable_rich,1,1,1,1,1,1,1,1,8
RMCT_COMP_0138,25110,Metal_Structures___Fabrication,usable,0,1,1,1,1,1,0,0,5
RMCT_COMP_0139,25110,Metal_Structures___Fabrication,usable,0,1,0,0,1,1,0,0,3
RMCT_COMP_0140,25110,Metal_Structures___Fabrication,usable_rich,1,1,1,1,1,1,1,0,7
RMCT_COMP_0141,25110,Metal_Structures___Fabrication,usable_rich,1,1,1,0,1,1,1,0,6
RMCT_COMP_0142,25110,Metal_Structures___Fabrication,usable_rich,0,1,1,0,1,1,0,0,4
RMCT_COMP_0143,25110,Metal_Structures___Fabrication,usable_rich,0,1,0,0,1,1,0,0,3
RMCT_COMP_0144,25110,Metal_Structures___Fabrication,usable_rich,1,1,1,0,1,1,1,1,7
RMCT_COMP_0145,25110,Metal_Structures___Fabrication,usable_rich,0,1,1,0,1,1,0,0,4
RMCT_COMP_0146,25110,Metal_Structures___Fabrication,usable_rich,1,1,1,0,1,1,1,0,6
RMCT_COMP_0147,25110,Metal_Structures___Fabrication,usable_rich,1,1,1,0,1,1,1,0,6
RMCT_COMP_0148,25110,Metal_Structures___Fabrication,usable_rich,1,1,1,0,1,1,1,1,7
RMCT_COMP_0149,25110,Metal_Structures___Fabrication,usable_rich,0,1,1,1,1,1,1,0,6
RMCT_COMP_0150,25110,Metal_Structures___Fabrication,usable_rich,0,1,1,1,1,1,0,0,5
RMCT_COMP_0151,25110,Metal_Structures___Fabrication,usable_rich,1,1,1,1,1,1,1,0,7
RMCT_COMP_0152,25110,Metal_Structures___Fabrication,usable_rich,0,1,0,1,1,1,0,0,4
RMCT_COMP_0153,25110,Metal_Structures___Fabrication,usable,0,1,1,0,1,1,1,0,5
RMCT_COMP_0154,25110,Metal_Structures___Fabrication,usable_rich,0,1,0,0,1,1,0,0,3
RMCT_COMP_0155,25110,Metal_Structures___Fabrication,usable_rich,1,1,1,0,1,1,1,1,7
RMCT_COMP_0156,25110,Metal_Structures___Fabrication,usable_rich,1,1,1,0,1,1,1,0,6
RMCT_COMP_0157,25110,Metal_Structures___Fabrication,usable_rich,1,0,1,0,1,1,1,0,5
RMCT_COMP_0158,25110,Metal_Structures___Fabrication,usable_rich,1,1,1,1,1,1,1,0,7
RMCT_COMP_0159,25110,Metal_Structures___Fabrication,usable_rich,1,1,1,0,1,1,1,0,6
RMCT_COMP_0160,25110,Metal_Structures___Fabrication,usable_rich,1,1,1,1,1,1,1,0,7
RMCT_COMP_0161,25110,Metal_Structures___Fabrication,usable,1,1,1,0,1,1,1,0,6
RMCT_COMP_0162,25110,Metal_Structures___Fabrication,usable,0,1,0,0,1,1,1,0,4
RMCT_COMP_0163,25110,Metal_Structures___Fabrication,usable_rich,1,1,1,1,1,1,1,0,7
RMCT_COMP_0164,25110,Metal_Structures___Fabrication,usable_rich,1,1,0,0,1,1,0,0,4
RMCT_COMP_0165,25110,Metal_Structures___Fabrication,usable,0,1,0,0,1,1,1,0,4
RMCT_COMP_0166,25110,Metal_Structures___Fabrication,usable,0,1,0,0,1,1,1,0,4
RMCT_COMP_0167,25110,Metal_Structures___Fabrication,usable_rich,1,1,1,0,1,1,1,0,6
RMCT_COMP_0168,25110,Metal_Structures___Fabrication,usable,0,1,0,0,1,1,1,0,4
RMCT_COMP_0169,25110,Metal_Structures___Fabrication,usable,0,1,1,0,1,1,0,0,4
RMCT_COMP_0170,25110,Metal_Structures___Fabrication,usable_rich,0,1,0,0,1,1,0,0,3
RMCT_COMP_0171,25110,Metal_Structures___Fabrication,usable_rich,1,0,1,0,1,1,1,0,5
RMCT_COMP_0172,25110,Metal_Structures___Fabrication,short_but_usable,0,1,0,1,1,1,0,0,4
RMCT_COMP_0173,25110,Metal_Structures___Fabrication,usable_rich,0,1,1,0,1,1,0,1,5
RMCT_COMP_0174,25110,Metal_Structures___Fabrication,usable_rich,0,1,1,1,1,1,1,1,7
RMCT_COMP_0175,25110,Metal_Structures___Fabrication,usable_rich,0,1,1,0,1,1,1,0,5
RMCT_COMP_0176,25110,Metal_Structures___Fabrication,usable_rich,0,1,1,0,1,1,0,0,4
RMCT_COMP_0177,25110,Metal_Structures___Fabrication,usable,0,1,1,0,1,1,1,1,6
RMCT_COMP_0178,25110,Metal_Structures___Fabrication,usable_rich,1,1,1,0,1,1,1,0,6
RMCT_COMP_0179,25110,Metal_Structures___Fabrication,usable,0,1,1,0,1,1,0,0,4
RMCT_COMP_0180,25110,Metal_Structures___Fabrication,usable_rich,1,1,1,0,1,1,1,0,6
RMCT_COMP_0181,25110,Metal_Structures___Fabrication,short_but_usable,0,0,0,0,1,1,0,0,2
RMCT_COMP_0182,25110,Metal_Structures___Fabrication,usable,0,1,1,0,1,1,1,0,5
RMCT_COMP_0183,25110,Metal_Structures___Fabrication,usable_rich,0,1,1,1,1,1,1,0,6
RMCT_COMP_0184,25110,Metal_Structures___Fabrication,usable_rich,0,1,1,0,1,1,1,0,5
RMCT_COMP_0185,25110,Metal_Structures___Fabrication,usable_rich,0,0,1,0,1,1,0,0,3
RMCT_COMP_0186,25110,Metal_Structures___Fabrication,usable,0,1,1,0,1,1,0,0,4
RMCT_COMP_0187,25110,Metal_Structures___Fabrication,usable_rich,0,1,1,1,1,1,0,0,5
RMCT_COMP_0188,25110,Metal_Structures___Fabrication,short_but_usable,0,0,1,0,1,1,0,0,3
RMCT_COMP_0189,25110,Metal_Structures___Fabrication,usable,1,1,1,0,1,1,0,0,5
RMCT_COMP_0190,25110,Metal_Structures___Fabrication,usable_rich,0,1,1,0,1,1,0,0,4
RMCT_COMP_0191,25110,Metal_Structures___Fabrication,usable,0,1,1,0,1,1,1,0,5
RMCT_COMP_0192,25110,Metal_Structures___Fabrication,usable_rich,1,1,0,0,1,1,1,1,6
RMCT_COMP_0193,25110,Metal_Structures___Fabrication,usable,1,1,0,0,1,1,1,0,5
RMCT_COMP_0194,25110,Metal_Structures___Fabrication,usable_rich,1,1,1,1,1,1,1,0,7
RMCT_COMP_0195,25110,Metal_Structures___Fabrication,usable_rich,1,1,1,1,1,1,1,1,8
RMCT_COMP_0196,25110,Metal_Structures___Fabrication,usable,0,1,1,0,1,1,0,0,4
RMCT_COMP_0197,25110,Metal_Structures___Fabrication,usable_rich,1,1,1,0,1,1,0,0,5
RMCT_COMP_0198,25110,Metal_Structures___Fabrication,usable_rich,0,1,1,0,1,1,1,1,6
RMCT_COMP_0199,25110,Metal_Structures___Fabrication,usable,1,1,0,1,1,1,1,0,6
RMCT_COMP_0200,25110,Metal_Structures___Fabrication,short_but_usable,1,0,1,0,1,1,0,0,4
RMCT_COMP_0201,25110,Metal_Structures___Fabrication,usable,0,1,1,0,1,1,1,0,5
RMCT_COMP_0202,25110,Metal_Structures___Fabrication,usable_rich,0,1,1,0,1,1,1,1,6
RMCT_COMP_0203,25110,Metal_Structures___Fabrication,usable_rich,1,1,1,0,1,1,1,1,7
RMCT_COMP_0204,25110,Metal_Structures___Fabrication,usable,0,0,0,0,1,1,0,0,2
RMCT_COMP_0205,25110,Metal_Structures___Fabrication,usable_rich,1,1,1,0,1,1,0,0,5
RMCT_COMP_0206,25110,Metal_Structures___Fabrication,usable_rich,0,1,1,0,1,1,1,0,5
RMCT_COMP_0207,25110,Metal_Structures___Fabrication,usable_rich,1,1,1,1,1,1,1,1,8
RMCT_COMP_0208,25110,Metal_Structures___Fabrication,usable_rich,0,1,0,1,1,1,0,0,4
RMCT_COMP_0209,25110,Metal_Structures___Fabrication,usable_rich,0,1,1,0,1,1,1,0,5
RMCT_COMP_0210,25110,Metal_Structures___Fabrication,usable_rich,1,0,1,1,1,1,1,0,6
RMCT_COMP_0211,25110,Metal_Structures___Fabrication,usable_rich,1,1,1,1,1,1,1,0,7
RMCT_COMP_0212,25110,Metal_Structures___Fabrication,usable,0,1,0,0,1,1,0,0,3
RMCT_COMP_0213,25110,Metal_Structures___Fabrication,usable,0,1,1,0,1,1,1,1,6
RMCT_COMP_0214,25110,Metal_Structures___Fabrication,usable_rich,1,1,1,0,1,1,1,0,6
RMCT_COMP_0215,25110,Metal_Structures___Fabrication,usable,1,0,1,0,1,1,1,1,6
RMCT_COMP_0216,25110,Metal_Structures___Fabrication,usable,0,1,0,0,1,1,1,0,4
RMCT_COMP_0217,25110,Metal_Structures___Fabrication,usable_rich,1,1,1,1,1,1,1,0,7
RMCT_COMP_0218,25110,Metal_Structures___Fabrication,usable,0,1,1,0,1,1,0,0,4
RMCT_COMP_0219,25110,Metal_Structures___Fabrication,usable_rich,0,1,1,0,1,1,0,0,4
RMCT_COMP_0220,25110,Metal_Structures___Fabrication,usable_rich,1,1,1,1,1,1,1,1,8
RMCT_COMP_0221,25110,Metal_Structures___Fabrication,usable_rich,0,1,1,0,1,1,1,0,5
RMCT_COMP_0222,25110,Metal_Structures___Fabrication,usable,1,1,1,0,1,1,1,0,6
RMCT_COMP_0223,25110,Metal_Structures___Fabrication,usable_rich,1,1,1,1,1,1,1,0,7
RMCT_COMP_0224,25110,Metal_Structures___Fabrication,usable,0,1,1,0,1,1,0,0,4
RMCT_COMP_0225,25110,Metal_Structures___Fabrication,usable_rich,1,1,1,1,1,1,1,1,8
RMCT_COMP_0226,25110,Metal_Structures___Fabrication,short_but_usable,0,1,1,0,1,1,0,0,4
RMCT_COMP_0227,25110,Metal_Structures___Fabrication,usable_rich,0,1,1,0,1,1,1,0,5
RMCT_COMP_0228,25110,Metal_Structures___Fabrication,usable_rich,0,1,1,0,1,1,1,0,5
RMCT_COMP_0229,25110,Metal_Structures___Fabrication,usable,0,0,1,0,1,1,0,0,3
RMCT_COMP_0230,25110,Metal_Structures___Fabrication,usable_rich,1,1,1,1,1,1,1,1,8
RMCT_COMP_0231,25110,Metal_Structures___Fabrication,usable_rich,0,1,1,0,1,1,1,0,5
RMCT_COMP_0232,25500,Forging__Forming___Pressing,usable_rich,1,1,1,0,1,1,0,0,5
RMCT_COMP_0233,25500,Forging__Forming___Pressing,usable_rich,1,1,1,1,1,1,0,0,6
RMCT_COMP_0234,25500,Forging__Forming___Pressing,usable_rich,1,1,1,1,0,1,0,0,5
RMCT_COMP_0235,25500,Forging__Forming___Pressing,short_but_usable,0,0,0,0,0,1,0,0,1
RMCT_COMP_0236,25500,Forging__Forming___Pressing,usable_rich,1,1,1,0,1,1,1,1,7
RMCT_COMP_0237,25500,Forging__Forming___Pressing,usable_rich,1,1,1,0,1,1,1,0,6
RMCT_COMP_0238,25500,Forging__Forming___Pressing,usable_rich,0,1,1,0,1,1,1,1,6
RMCT_COMP_0239,25500,Forging__Forming___Pressing,usable_rich,0,1,1,0,1,1,1,1,6
RMCT_COMP_0240,25500,Forging__Forming___Pressing,usable_rich,0,1,1,1,1,1,1,0,6
RMCT_COMP_0241,25500,Forging__Forming___Pressing,usable_rich,0,1,1,0,1,1,1,0,5
RMCT_COMP_0242,25500,Forging__Forming___Pressing,usable_rich,1,1,0,0,1,1,1,0,5
RMCT_COMP_0243,25500,Forging__Forming___Pressing,usable_rich,1,1,1,0,1,1,1,1,7
RMCT_COMP_0244,25500,Forging__Forming___Pressing,usable_rich,0,1,1,0,1,1,1,0,5
RMCT_COMP_0245,25500,Forging__Forming___Pressing,usable_rich,1,1,1,0,1,1,1,0,6
RMCT_COMP_0246,25500,Forging__Forming___Pressing,usable_rich,1,1,1,0,1,1,1,0,6
RMCT_COMP_0247,25500,Forging__Forming___Pressing,usable_rich,1,1,1,0,1,1,1,0,6
RMCT_COMP_0248,25500,Forging__Forming___Pressing,usable_rich,1,1,0,0,1,1,0,1,5
RMCT_COMP_0249,25500,Forging__Forming___Pressing,usable,0,1,1,0,0,1,0,1,4
RMCT_COMP_0250,25500,Forging__Forming___Pressing,short_but_usable,0,1,1,0,1,1,0,1,5
RMCT_COMP_0251,25500,Forging__Forming___Pressing,usable_rich,1,1,0,0,1,1,1,0,5
RMCT_COMP_0252,25500,Forging__Forming___Pressing,usable,0,0,1,0,0,1,0,0,2
RMCT_COMP_0253,25500,Forging__Forming___Pressing,usable,0,0,1,0,0,1,0,0,2
RMCT_COMP_0254,25500,Forging__Forming___Pressing,short_but_usable,0,0,0,0,1,1,0,0,2
RMCT_COMP_0255,25500,Forging__Forming___Pressing,usable_rich,1,1,1,0,1,1,1,0,6
RMCT_COMP_0256,25500,Forging__Forming___Pressing,usable,0,1,1,1,1,1,1,0,6
RMCT_COMP_0257,25500,Forging__Forming___Pressing,usable,0,1,1,1,1,1,1,0,6
RMCT_COMP_0258,25500,Forging__Forming___Pressing,usable_rich,1,1,1,1,1,1,1,0,7
RMCT_COMP_0259,25500,Forging__Forming___Pressing,short_but_usable,0,1,1,0,0,1,1,0,4
RMCT_COMP_0260,25500,Forging__Forming___Pressing,usable_rich,1,1,1,1,1,1,1,0,7
RMCT_COMP_0261,25500,Forging__Forming___Pressing,usable_rich,1,1,1,0,0,1,1,0,5
RMCT_COMP_0262,25500,Forging__Forming___Pressing,usable,0,1,1,0,1,1,0,0,4
RMCT_COMP_0263,25500,Forging__Forming___Pressing,usable_rich,1,1,1,1,0,1,0,0,5
RMCT_COMP_0264,25500,Forging__Forming___Pressing,usable_rich,1,1,1,0,1,1,1,1,7
RMCT_COMP_0265,25500,Forging__Forming___Pressing,usable_rich,1,1,1,0,1,1,1,1,7
RMCT_COMP_0266,25500,Forging__Forming___Pressing,usable,1,1,1,0,1,1,1,0,6
RMCT_COMP_0267,25500,Forging__Forming___Pressing,usable_rich,1,1,1,1,1,1,1,1,8
RMCT_COMP_0268,25500,Forging__Forming___Pressing,usable_rich,1,0,1,0,1,1,1,0,5
RMCT_COMP_0269,25500,Forging__Forming___Pressing,usable_rich,0,1,1,1,1,1,1,1,7
RMCT_COMP_0270,25500,Forging__Forming___Pressing,usable_rich,0,1,1,1,1,1,1,1,7
RMCT_COMP_0271,25500,Forging__Forming___Pressing,usable_rich,0,1,1,1,1,1,1,1,7
RMCT_COMP_0272,25500,Forging__Forming___Pressing,usable_rich,1,1,0,0,1,1,1,0,5
RMCT_COMP_0273,25500,Forging__Forming___Pressing,usable,0,1,1,1,1,1,1,0,6
RMCT_COMP_0274,25500,Forging__Forming___Pressing,usable_rich,1,1,1,1,1,1,1,0,7
RMCT_COMP_0275,25500,Forging__Forming___Pressing,usable_rich,1,1,1,1,1,1,1,0,7
RMCT_COMP_0276,25500,Forging__Forming___Pressing,usable_rich,0,1,1,1,1,1,1,0,6
RMCT_COMP_0277,25610,Surface_Treatment___Coating,usable_rich,1,1,1,0,1,1,1,0,6
RMCT_COMP_0278,25610,Surface_Treatment___Coating,usable_rich,0,1,0,0,0,1,1,0,3
RMCT_COMP_0279,25610,Surface_Treatment___Coating,usable_rich,0,1,0,0,0,1,1,0,3
RMCT_COMP_0280,25610,Surface_Treatment___Coating,usable_rich,1,1,1,0,0,1,1,0,5
RMCT_COMP_0281,25610,Surface_Treatment___Coating,usable,0,1,1,0,1,1,0,0,4
RMCT_COMP_0282,25610,Surface_Treatment___Coating,usable_rich,1,1,0,0,1,1,1,1,6
RMCT_COMP_0283,25610,Surface_Treatment___Coating,usable_rich,1,1,0,0,1,1,1,1,6
RMCT_COMP_0284,25610,Surface_Treatment___Coating,usable_rich,1,1,0,0,1,1,1,0,5
RMCT_COMP_0285,25610,Surface_Treatment___Coating,usable,0,0,1,0,1,0,0,0,2
RMCT_COMP_0286,25610,Surface_Treatment___Coating,usable,0,0,0,0,1,0,0,0,1
RMCT_COMP_0287,25610,Surface_Treatment___Coating,usable_rich,0,0,0,0,1,1,0,0,2
RMCT_COMP_0288,25610,Surface_Treatment___Coating,usable_rich,1,1,1,0,1,0,1,1,6
RMCT_COMP_0289,25610,Surface_Treatment___Coating,usable,1,1,0,0,1,0,0,0,3
RMCT_COMP_0290,25610,Surface_Treatment___Coating,usable_rich,0,1,1,0,1,0,1,0,4
RMCT_COMP_0291,25610,Surface_Treatment___Coating,usable,0,0,0,0,1,0,0,0,1
RMCT_COMP_0292,25610,Surface_Treatment___Coating,usable,0,1,0,0,1,1,1,0,4
RMCT_COMP_0293,25610,Surface_Treatment___Coating,usable,0,1,0,0,1,1,1,0,4
RMCT_COMP_0294,25610,Surface_Treatment___Coating,usable,0,1,0,0,1,0,0,1,3
RMCT_COMP_0295,25610,Surface_Treatment___Coating,usable_rich,1,1,1,0,1,1,1,0,6
RMCT_COMP_0296,25610,Surface_Treatment___Coating,usable_rich,0,0,0,0,1,0,0,1,2
RMCT_COMP_0297,25610,Surface_Treatment___Coating,usable,1,1,0,0,1,0,1,0,4
RMCT_COMP_0298,25610,Surface_Treatment___Coating,short_but_usable,0,0,1,0,1,0,0,0,2
RMCT_COMP_0299,25610,Surface_Treatment___Coating,usable,0,1,0,0,1,1,0,0,3
RMCT_COMP_0300,25610,Surface_Treatment___Coating,short_but_usable,0,0,1,0,0,0,0,0,1
RMCT_COMP_0301,25610,Surface_Treatment___Coating,usable_rich,0,1,0,0,1,1,1,1,5
RMCT_COMP_0302,25610,Surface_Treatment___Coating,usable_rich,1,1,0,0,1,1,1,1,6
RMCT_COMP_0303,25610,Surface_Treatment___Coating,usable,0,1,0,0,1,1,1,0,4
RMCT_COMP_0304,25610,Surface_Treatment___Coating,usable_rich,1,1,1,0,1,1,0,0,5
RMCT_COMP_0305,25610,Surface_Treatment___Coating,usable_rich,1,0,1,0,1,1,1,0,5
RMCT_COMP_0306,25610,Surface_Treatment___Coating,usable_rich,0,1,1,0,1,0,1,0,4
RMCT_COMP_0307,25610,Surface_Treatment___Coating,short_but_usable,0,0,0,0,0,0,0,0,0
RMCT_COMP_0308,25610,Surface_Treatment___Coating,short_but_usable,0,0,0,0,0,0,0,0,0
RMCT_COMP_0309,25610,Surface_Treatment___Coating,usable,0,0,1,0,1,0,1,0,3
RMCT_COMP_0310,25610,Surface_Treatment___Coating,usable_rich,1,1,0,0,1,0,1,0,4
RMCT_COMP_0311,25610,Surface_Treatment___Coating,usable_rich,0,1,1,0,1,1,0,0,4
RMCT_COMP_0312,25610,Surface_Treatment___Coating,usable,0,1,0,0,1,0,1,0,3
RMCT_COMP_0313,25610,Surface_Treatment___Coating,usable,1,1,0,0,1,1,1,0,5
RMCT_COMP_0314,25610,Surface_Treatment___Coating,usable_rich,1,1,0,0,1,1,1,1,6
RMCT_COMP_0315,25610,Surface_Treatment___Coating,usable_rich,1,1,1,0,1,1,1,1,7
RMCT_COMP_0316,25610,Surface_Treatment___Coating,usable_rich,1,1,0,0,1,1,1,0,5
RMCT_COMP_0317,25610,Surface_Treatment___Coating,usable_rich,1,1,0,0,1,0,0,0,3
RMCT_COMP_0318,25610,Surface_Treatment___Coating,usable,0,1,0,0,1,0,1,0,3
RMCT_COMP_0319,25610,Surface_Treatment___Coating,usable_rich,1,1,1,0,1,1,1,1,7
RMCT_COMP_0320,25610,Surface_Treatment___Coating,usable_rich,0,1,1,0,1,1,1,1,6
RMCT_COMP_0321,25620,Machining___Subtractive,usable_rich,1,1,1,1,1,1,0,0,6
RMCT_COMP_0322,25620,Machining___Subtractive,usable_rich,0,1,1,1,1,1,1,0,6
RMCT_COMP_0323,25620,Machining___Subtractive,usable_rich,0,1,0,0,1,1,1,0,4
RMCT_COMP_0324,25620,Machining___Subtractive,usable_rich,1,0,1,1,1,1,1,1,7
RMCT_COMP_0325,25620,Machining___Subtractive,usable_rich,1,1,1,0,1,1,1,0,6
RMCT_COMP_0326,25620,Machining___Subtractive,usable,1,1,1,1,0,1,1,0,6
RMCT_COMP_0327,25620,Machining___Subtractive,usable,0,0,1,1,0,1,0,0,3
RMCT_COMP_0328,25620,Machining___Subtractive,usable_rich,0,1,1,1,0,1,1,0,5
RMCT_COMP_0329,25620,Machining___Subtractive,short_but_usable,0,0,0,0,0,1,0,0,1
RMCT_COMP_0330,25620,Machining___Subtractive,short_but_usable,0,0,0,0,0,1,0,0,1
RMCT_COMP_0331,25620,Machining___Subtractive,usable_rich,1,1,1,0,1,1,1,0,6
RMCT_COMP_0332,25620,Machining___Subtractive,usable,0,1,1,1,0,1,1,1,6
RMCT_COMP_0333,25620,Machining___Subtractive,usable,0,1,1,0,0,1,1,1,5
RMCT_COMP_0334,25620,Machining___Subtractive,usable_rich,1,0,0,1,1,1,0,0,4
RMCT_COMP_0335,25620,Machining___Subtractive,usable_rich,0,1,1,0,0,1,1,0,4
RMCT_COMP_0336,25620,Machining___Subtractive,usable_rich,0,1,1,0,0,1,1,0,4
RMCT_COMP_0337,25620,Machining___Subtractive,usable_rich,1,1,1,1,0,1,1,1,7
RMCT_COMP_0338,25620,Machining___Subtractive,short_but_usable,0,0,1,0,0,1,0,0,2
RMCT_COMP_0339,25620,Machining___Subtractive,usable_rich,1,1,0,1,1,1,0,0,5
RMCT_COMP_0340,25620,Machining___Subtractive,short_but_usable,0,0,1,1,0,1,0,0,3
RMCT_COMP_0341,25620,Machining___Subtractive,usable_rich,1,1,1,1,0,1,1,0,6
RMCT_COMP_0342,25620,Machining___Subtractive,usable,0,1,0,0,1,1,0,0,3
RMCT_COMP_0343,25620,Machining___Subtractive,usable,0,1,0,0,0,1,1,0,3
RMCT_COMP_0344,25620,Machining___Subtractive,usable_rich,1,1,1,0,1,1,1,1,7
RMCT_COMP_0345,25620,Machining___Subtractive,usable,0,0,0,0,0,1,0,0,1
RMCT_COMP_0346,25620,Machining___Subtractive,usable_rich,1,1,1,0,0,1,1,0,5
RMCT_COMP_0347,25620,Machining___Subtractive,usable_rich,1,1,1,0,0,1,1,0,5
RMCT_COMP_0348,25620,Machining___Subtractive,usable,0,1,1,1,1,1,0,0,5
RMCT_COMP_0349,25620,Machining___Subtractive,usable_rich,1,1,1,0,0,1,0,1,5
RMCT_COMP_0350,25620,Machining___Subtractive,usable_rich,1,1,1,0,0,1,0,0,4
RMCT_COMP_0351,25620,Machining___Subtractive,usable_rich,1,1,1,1,1,1,1,0,7
RMCT_COMP_0352,25620,Machining___Subtractive,usable,0,1,1,0,0,1,1,0,4
RMCT_COMP_0353,25620,Machining___Subtractive,usable_rich,1,1,1,1,0,1,1,0,6
RMCT_COMP_0354,25620,Machining___Subtractive,usable,1,1,0,0,1,1,1,0,5
RMCT_COMP_0355,25620,Machining___Subtractive,usable,1,1,1,1,0,1,1,0,6
RMCT_COMP_0356,25620,Machining___Subtractive,usable_rich,1,1,0,1,0,1,1,0,5
RMCT_COMP_0357,25620,Machining___Subtractive,usable_rich,1,1,1,1,1,1,1,0,7
RMCT_COMP_0358,25620,Machining___Subtractive,usable_rich,1,1,1,0,0,1,0,0,4
RMCT_COMP_0359,25620,Machining___Subtractive,usable,1,1,1,1,1,1,0,0,6
RMCT_COMP_0360,25620,Machining___Subtractive,usable_rich,0,1,0,0,1,1,1,1,5
RMCT_COMP_0361,25620,Machining___Subtractive,usable_rich,0,0,0,0,0,1,1,1,3
RMCT_COMP_0362,25620,Machining___Subtractive,usable,0,1,1,0,1,1,0,0,4
RMCT_COMP_0363,25620,Machining___Subtractive,usable,1,1,1,0,1,1,1,0,6
RMCT_COMP_0364,25620,Machining___Subtractive,usable_rich,1,1,0,1,1,1,1,0,6
RMCT_COMP_0365,25620,Machining___Subtractive,usable_rich,1,1,0,0,1,1,1,0,5
RMCT_COMP_0366,25620,Machining___Subtractive,usable_rich,1,1,1,1,1,1,1,0,7
RMCT_COMP_0367,25620,Machining___Subtractive,usable_rich,0,1,0,1,1,1,0,0,4
RMCT_COMP_0368,25620,Machining___Subtractive,usable_rich,0,1,0,1,0,1,1,0,4
RMCT_COMP_0369,25620,Machining___Subtractive,short_but_usable,0,1,1,0,0,1,1,0,4
RMCT_COMP_0370,25620,Machining___Subtractive,usable,1,1,0,1,1,1,1,0,6
RMCT_COMP_0371,25620,Machining___Subtractive,usable_rich,0,1,1,1,1,1,1,0,6
RMCT_COMP_0372,25620,Machining___Subtractive,usable_rich,1,1,0,0,1,1,1,0,5
RMCT_COMP_0373,25620,Machining___Subtractive,short_but_usable,1,0,0,1,0,1,0,0,3
RMCT_COMP_0374,25620,Machining___Subtractive,short_but_usable,0,0,0,0,1,1,0,0,2
RMCT_COMP_0375,25620,Machining___Subtractive,usable,1,1,0,1,0,1,1,0,5
RMCT_COMP_0376,25620,Machining___Subtractive,usable_rich,1,1,1,1,1,1,0,0,6
RMCT_COMP_0377,25620,Machining___Subtractive,usable_rich,1,1,1,1,1,1,1,0,7
RMCT_COMP_0378,25620,Machining___Subtractive,usable,0,1,1,0,0,1,0,0,3
RMCT_COMP_0379,25620,Machining___Subtractive,usable_rich,0,1,1,1,0,1,1,0,5
RMCT_COMP_0380,25620,Machining___Subtractive,usable_rich,1,1,1,1,1,1,1,0,7
RMCT_COMP_0381,25620,Machining___Subtractive,usable_rich,1,1,0,1,0,1,1,0,5
RMCT_COMP_0382,25620,Machining___Subtractive,usable,0,1,1,1,0,1,1,0,5
RMCT_COMP_0383,25620,Machining___Subtractive,usable_rich,0,1,1,0,1,1,0,0,4
RMCT_COMP_0384,25620,Machining___Subtractive,usable_rich,1,1,1,1,0,1,1,0,6
RMCT_COMP_0385,25620,Machining___Subtractive,usable,1,1,0,1,0,1,1,0,5
RMCT_COMP_0386,25620,Machining___Subtractive,short_but_usable,1,1,1,0,1,1,0,0,5
RMCT_COMP_0387,25620,Machining___Subtractive,usable,0,0,1,0,0,1,0,0,2
RMCT_COMP_0388,25620,Machining___Subtractive,usable,1,1,1,0,1,1,1,0,6
RMCT_COMP_0389,25620,Machining___Subtractive,usable,1,1,1,0,1,1,1,0,6
RMCT_COMP_0390,25620,Machining___Subtractive,usable_rich,1,1,1,1,1,1,1,0,7
RMCT_COMP_0391,25620,Machining___Subtractive,usable_rich,1,1,1,1,0,1,1,0,6
RMCT_COMP_0392,25620,Machining___Subtractive,usable_rich,1,1,1,1,1,1,1,0,7
RMCT_COMP_0393,25620,Machining___Subtractive,usable_rich,1,1,0,1,0,1,0,0,4
RMCT_COMP_0394,25620,Machining___Subtractive,usable_rich,1,1,0,1,1,1,1,0,6
RMCT_COMP_0395,25620,Machining___Subtractive,usable_rich,1,1,1,0,0,1,1,0,5
RMCT_COMP_0396,25620,Machining___Subtractive,usable_rich,1,1,1,1,1,1,1,0,7
RMCT_COMP_0397,25620,Machining___Subtractive,usable_rich,1,1,1,1,0,1,0,0,5
RMCT_COMP_0398,25620,Machining___Subtractive,short_but_usable,0,0,0,0,0,1,0,0,1
RMCT_COMP_0399,25620,Machining___Subtractive,usable_rich,1,1,1,1,1,1,1,1,8
RMCT_COMP_0400,25620,Machining___Subtractive,usable,1,1,1,1,1,1,1,0,7
RMCT_COMP_0401,25620,Machining___Subtractive,usable_rich,0,1,0,1,1,1,0,0,4
RMCT_COMP_0402,25620,Machining___Subtractive,short_but_usable,0,0,0,0,0,1,1,0,2
RMCT_COMP_0403,26110,Electrical___Electronic_Equip,usable_rich,0,1,1,1,0,0,0,1,4
RMCT_COMP_0404,26110,Electrical___Electronic_Equip,usable,1,1,1,0,1,1,0,0,5
RMCT_COMP_0405,26110,Electrical___Electronic_Equip,usable_rich,0,1,1,0,1,0,0,0,3
RMCT_COMP_0406,26110,Electrical___Electronic_Equip,usable,0,1,1,1,0,0,0,0,3
RMCT_COMP_0407,26110,Electrical___Electronic_Equip,short_but_usable,0,0,0,0,0,0,0,0,0
RMCT_COMP_0408,26110,Electrical___Electronic_Equip,usable,0,1,1,0,1,0,1,0,4
RMCT_COMP_0409,26110,Electrical___Electronic_Equip,usable,1,0,0,0,0,0,1,0,2
RMCT_COMP_0410,26110,Electrical___Electronic_Equip,usable,0,1,1,0,0,0,1,0,3
RMCT_COMP_0411,26110,Electrical___Electronic_Equip,usable_rich,0,1,1,1,1,1,1,0,6
RMCT_COMP_0412,26110,Electrical___Electronic_Equip,usable_rich,1,1,1,1,0,1,1,0,6
RMCT_COMP_0413,26110,Electrical___Electronic_Equip,usable,1,0,1,0,0,0,1,0,3
RMCT_COMP_0414,26110,Electrical___Electronic_Equip,usable_rich,1,1,1,0,0,0,1,1,5
RMCT_COMP_0415,26110,Electrical___Electronic_Equip,short_but_usable,0,0,0,0,0,0,1,1,2
RMCT_COMP_0416,26110,Electrical___Electronic_Equip,usable_rich,0,1,1,1,0,1,0,0,4
RMCT_COMP_0417,26110,Electrical___Electronic_Equip,usable_rich,0,1,0,0,1,0,0,0,2
RMCT_COMP_0418,26120,Electrical___Electronic_Equip,usable,0,1,1,0,0,0,1,0,3
RMCT_COMP_0419,26120,Electrical___Electronic_Equip,usable_rich,1,1,1,1,1,1,1,1,8
RMCT_COMP_0420,26120,Electrical___Electronic_Equip,usable_rich,1,1,1,0,1,1,1,0,6
RMCT_COMP_0421,26120,Electrical___Electronic_Equip,usable_rich,0,1,1,0,0,0,1,1,4
RMCT_COMP_0422,26120,Electrical___Electronic_Equip,usable,0,1,1,0,0,0,1,0,3
RMCT_COMP_0423,26120,Electrical___Electronic_Equip,usable_rich,1,1,1,0,0,0,1,0,4
RMCT_COMP_0424,26120,Electrical___Electronic_Equip,usable_rich,0,1,0,1,0,1,1,0,4
RMCT_COMP_0425,26120,Electrical___Electronic_Equip,usable_rich,1,1,1,1,1,1,1,0,7
RMCT_COMP_0426,27110,Electrical___Electronic_Equip,usable_rich,1,1,1,0,0,0,1,1,5
RMCT_COMP_0427,27110,Electrical___Electronic_Equip,usable_rich,1,0,1,0,0,0,0,1,3
RMCT_COMP_0428,27110,Electrical___Electronic_Equip,usable_rich,0,1,1,0,0,0,1,0,3
RMCT_COMP_0429,27110,Electrical___Electronic_Equip,very_short,0,0,0,0,0,0,0,0,0
RMCT_COMP_0430,27110,Electrical___Electronic_Equip,usable_rich,1,1,1,0,1,1,1,0,6
RMCT_COMP_0431,27110,Electrical___Electronic_Equip,usable_rich,1,1,1,0,1,0,0,1,5
RMCT_COMP_0432,27110,Electrical___Electronic_Equip,usable_rich,1,1,1,0,1,1,1,0,6
RMCT_COMP_0433,27120,Electrical___Electronic_Equip,usable_rich,0,1,1,1,1,1,1,0,6
RMCT_COMP_0434,27120,Electrical___Electronic_Equip,usable_rich,0,1,1,0,0,0,0,1,3
RMCT_COMP_0435,27120,Electrical___Electronic_Equip,usable_rich,1,1,1,0,1,0,1,0,5
RMCT_COMP_0436,27120,Electrical___Electronic_Equip,usable_rich,0,1,1,1,0,1,1,0,5
RMCT_COMP_0437,27120,Electrical___Electronic_Equip,usable,0,0,1,0,0,0,0,0,1
RMCT_COMP_0438,27120,Electrical___Electronic_Equip,usable_rich,1,1,1,0,1,1,1,1,7
RMCT_COMP_0439,27120,Electrical___Electronic_Equip,usable_rich,0,0,0,0,0,0,1,0,1
RMCT_COMP_0440,27120,Electrical___Electronic_Equip,usable,1,1,1,0,0,0,1,0,4
RMCT_COMP_0441,27120,Electrical___Electronic_Equip,usable,0,1,1,0,0,0,0,0,2
RMCT_COMP_0442,27120,Electrical___Electronic_Equip,usable_rich,0,0,1,0,0,1,1,1,4
RMCT_COMP_0443,27120,Electrical___Electronic_Equip,usable,0,1,1,0,1,1,0,0,4
RMCT_COMP_0444,27120,Electrical___Electronic_Equip,short_but_usable,0,1,1,0,0,0,0,0,2
RMCT_COMP_0445,27200,Electrical___Electronic_Equip,usable_rich,0,0,0,0,0,0,1,0,1
RMCT_COMP_0446,27200,Electrical___Electronic_Equip,usable_rich,0,1,1,0,0,0,1,0,3
RMCT_COMP_0447,27200,Electrical___Electronic_Equip,usable_rich,1,1,1,1,0,1,1,1,7
RMCT_COMP_0448,27200,Electrical___Electronic_Equip,usable_rich,0,0,0,0,0,1,1,1,3
RMCT_COMP_0449,27200,Electrical___Electronic_Equip,short_but_usable,0,1,0,0,0,0,0,0,1
RMCT_COMP_0450,27200,Electrical___Electronic_Equip,usable_rich,0,0,0,0,0,0,0,0,0
RMCT_COMP_0451,27200,Electrical___Electronic_Equip,usable_rich,1,1,1,0,1,0,1,1,6
RMCT_COMP_0452,27200,Electrical___Electronic_Equip,usable,1,0,0,0,0,0,1,0,2
RMCT_COMP_0453,27320,Electrical___Electronic_Equip,usable_rich,1,1,1,0,0,0,1,1,5
RMCT_COMP_0454,27900,Electrical___Electronic_Equip,usable,0,1,1,0,1,0,1,1,5
RMCT_COMP_0455,27900,Electrical___Electronic_Equip,usable,0,1,0,0,1,0,0,0,2
RMCT_COMP_0456,27900,Electrical___Electronic_Equip,usable_rich,1,0,1,1,0,0,1,1,5
RMCT_COMP_0457,27900,Electrical___Electronic_Equip,usable_rich,0,1,1,1,0,0,1,1,5
RMCT_COMP_0458,27900,Electrical___Electronic_Equip,usable,0,0,0,0,0,0,0,0,0
RMCT_COMP_0459,27900,Electrical___Electronic_Equip,usable_rich,1,1,1,0,0,1,1,0,5
RMCT_COMP_0460,27900,Electrical___Electronic_Equip,usable_rich,1,1,1,1,1,0,0,0,5
RMCT_COMP_0461,27900,Electrical___Electronic_Equip,usable,0,0,0,0,0,0,0,0,0
RMCT_COMP_0462,27900,Electrical___Electronic_Equip,usable_rich,1,1,0,0,0,1,1,1,5
RMCT_COMP_0463,27900,Electrical___Electronic_Equip,usable_rich,1,1,1,1,0,1,1,0,6
RMCT_COMP_0464,27900,Electrical___Electronic_Equip,usable_rich,1,0,1,0,0,0,1,0,3
RMCT_COMP_0465,27900,Electrical___Electronic_Equip,usable,0,0,0,0,0,0,0,0,0
RMCT_COMP_0466,27900,Electrical___Electronic_Equip,usable_rich,1,1,1,1,0,0,1,1,6
RMCT_COMP_0467,27900,Electrical___Electronic_Equip,usable,0,1,1,0,0,0,0,0,2
RMCT_COMP_0468,27900,Electrical___Electronic_Equip,usable_rich,0,1,1,1,1,1,1,0,6
RMCT_COMP_0469,27900,Electrical___Electronic_Equip,usable_rich,1,1,1,1,0,1,1,1,7
RMCT_COMP_0470,27900,Electrical___Electronic_Equip,usable_rich,0,0,1,0,0,1,1,0,3
RMCT_COMP_0471,27900,Electrical___Electronic_Equip,usable_rich,0,0,0,1,1,1,1,1,5
RMCT_COMP_0472,27900,Electrical___Electronic_Equip,usable_rich,1,0,1,1,1,0,1,1,6
RMCT_COMP_0473,27900,Electrical___Electronic_Equip,usable_rich,1,1,1,0,0,0,1,0,4
RMCT_COMP_0474,27900,Electrical___Electronic_Equip,usable_rich,1,1,1,0,0,1,1,1,6
RMCT_COMP_0475,27900,Electrical___Electronic_Equip,usable_rich,0,0,1,0,1,0,1,0,3
RMCT_COMP_0476,27900,Electrical___Electronic_Equip,usable_rich,1,1,1,1,0,1,1,0,6
RMCT_COMP_0477,27900,Electrical___Electronic_Equip,short_but_usable,0,0,0,0,0,0,0,0,0
RMCT_COMP_0478,27900,Electrical___Electronic_Equip,usable,0,1,1,0,1,1,1,0,5
RMCT_COMP_0479,27900,Electrical___Electronic_Equip,usable_rich,1,1,0,0,0,1,1,0,4
RMCT_COMP_0480,27900,Electrical___Electronic_Equip,usable_rich,0,0,0,1,0,0,1,0,2
RMCT_COMP_0481,27900,Electrical___Electronic_Equip,usable_rich,1,1,1,1,0,0,1,0,5
RMCT_COMP_0482,27900,Electrical___Electronic_Equip,usable_rich,1,1,1,1,1,1,1,0,7
RMCT_COMP_0483,27900,Electrical___Electronic_Equip,usable_rich,1,1,1,0,0,1,1,0,5
RMCT_COMP_0484,27900,Electrical___Electronic_Equip,usable_rich,0,1,1,1,0,1,1,1,6
RMCT_COMP_0485,28302,Industrial_Machinery,short_but_usable,0,1,0,0,0,0,0,0,1
RMCT_COMP_0486,28302,Industrial_Machinery,usable,0,0,1,0,0,0,0,0,1
RMCT_COMP_0487,28410,Machining___Subtractive,very_short,0,0,0,0,1,1,0,0,2
RMCT_COMP_0488,28410,Machining___Subtractive,usable,0,0,1,0,0,1,1,0,3
RMCT_COMP_0489,28410,Machining___Subtractive,usable_rich,1,1,1,1,0,1,1,0,6
RMCT_COMP_0490,28410,Machining___Subtractive,usable,0,1,1,1,0,1,0,0,4
RMCT_COMP_0491,28410,Machining___Subtractive,usable,0,0,0,0,1,1,0,0,2
RMCT_COMP_0492,28410,Machining___Subtractive,usable_rich,0,1,1,0,1,1,0,0,4
RMCT_COMP_0493,28410,Machining___Subtractive,usable_rich,0,1,1,0,1,1,1,0,5
RMCT_COMP_0494,28410,Machining___Subtractive,usable_rich,0,1,1,1,1,1,1,0,6
RMCT_COMP_0495,28410,Machining___Subtractive,usable_rich,0,1,1,0,1,1,1,0,5
RMCT_COMP_0496,28410,Machining___Subtractive,usable_rich,1,1,1,1,0,1,1,0,6
RMCT_COMP_0497,28490,Machining___Subtractive,usable_rich,0,1,1,0,1,1,1,0,5
RMCT_COMP_0498,28490,Machining___Subtractive,usable_rich,1,1,1,1,1,1,1,0,7
RMCT_COMP_0499,28490,Machining___Subtractive,usable_rich,0,1,1,1,0,1,0,0,4
RMCT_COMP_0500,28490,Machining___Subtractive,short_but_usable,0,0,1,0,0,1,0,0,2
RMCT_COMP_0501,28490,Machining___Subtractive,usable_rich,1,1,1,1,1,1,1,0,7
RMCT_COMP_0502,28490,Machining___Subtractive,usable_rich,1,1,1,1,1,1,0,0,6
RMCT_COMP_0503,28490,Machining___Subtractive,short_but_usable,0,0,0,0,0,1,0,0,1
RMCT_COMP_0504,28490,Machining___Subtractive,usable_rich,0,0,1,1,0,1,1,0,4
RMCT_COMP_0505,28490,Machining___Subtractive,usable_rich,1,1,1,1,1,1,1,0,7
RMCT_COMP_0506,28490,Machining___Subtractive,usable_rich,1,1,1,1,0,1,1,1,7
RMCT_COMP_0507,28490,Machining___Subtractive,usable,0,1,1,1,0,1,1,0,5
RMCT_COMP_0508,28490,Machining___Subtractive,usable_rich,1,1,1,1,0,1,1,1,7
RMCT_COMP_0509,28490,Machining___Subtractive,usable,1,1,0,1,1,1,1,0,6
RMCT_COMP_0510,28490,Machining___Subtractive,usable_rich,0,1,1,1,1,1,1,1,7
RMCT_COMP_0511,28490,Machining___Subtractive,short_but_usable,0,0,1,0,0,1,0,0,2
RMCT_COMP_0512,28490,Machining___Subtractive,usable_rich,1,1,1,0,1,1,1,1,7
RMCT_COMP_0513,28490,Machining___Subtractive,usable_rich,0,1,1,0,1,1,1,0,5
RMCT_COMP_0514,28490,Machining___Subtractive,usable_rich,1,1,1,1,1,1,1,0,7
RMCT_COMP_0515,28490,Machining___Subtractive,usable,0,1,1,0,0,1,0,0,3
RMCT_COMP_0516,28490,Machining___Subtractive,usable_rich,0,1,1,0,1,1,1,0,5
RMCT_COMP_0517,28490,Machining___Subtractive,short_but_usable,0,0,0,0,0,1,0,0,1
RMCT_COMP_0518,28490,Machining___Subtractive,usable_rich,1,1,0,1,0,1,0,0,4
RMCT_COMP_0519,28490,Machining___Subtractive,usable_rich,1,1,0,1,0,1,0,0,4
RMCT_COMP_0520,28490,Machining___Subtractive,usable_rich,0,1,1,1,1,1,1,1,7
RMCT_COMP_0521,28490,Machining___Subtractive,usable,1,0,1,0,0,1,0,0,3
RMCT_COMP_0522,28490,Machining___Subtractive,usable_rich,0,1,1,0,1,1,0,0,4
RMCT_COMP_0523,28490,Machining___Subtractive,usable_rich,0,1,1,0,1,1,1,0,5
RMCT_COMP_0524,28490,Machining___Subtractive,usable,1,1,1,1,0,1,0,0,5
RMCT_COMP_0525,28490,Machining___Subtractive,usable_rich,1,1,1,1,1,1,1,1,8
RMCT_COMP_0526,28490,Machining___Subtractive,usable_rich,0,1,1,1,1,1,1,0,6
RMCT_COMP_0527,28910,Industrial_Machinery,usable_rich,1,1,1,1,1,1,1,1,8
RMCT_COMP_0528,28910,Industrial_Machinery,usable_rich,1,1,1,1,1,1,1,1,8
RMCT_COMP_0529,28921,Industrial_Machinery,usable_rich,1,1,1,0,1,1,1,1,7
RMCT_COMP_0530,28921,Industrial_Machinery,usable,0,0,1,0,0,0,1,0,2
RMCT_COMP_0531,28922,Industrial_Machinery,usable,0,1,1,0,1,0,1,0,4
RMCT_COMP_0532,28923,Industrial_Machinery,usable,0,0,0,0,0,0,0,1,1
RMCT_COMP_0533,28990,Industrial_Machinery,usable_rich,1,1,1,1,0,1,1,0,6
RMCT_COMP_0534,28990,Industrial_Machinery,usable_rich,1,1,1,0,1,1,1,1,7
RMCT_COMP_0535,28990,Industrial_Machinery,usable,0,0,0,0,1,1,0,0,2
RMCT_COMP_0536,28990,Industrial_Machinery,usable,0,0,1,0,0,0,1,0,2
RMCT_COMP_0537,28990,Industrial_Machinery,usable_rich,1,1,1,1,0,1,1,0,6
RMCT_COMP_0538,28990,Industrial_Machinery,usable_rich,1,1,1,0,0,1,1,0,5
RMCT_COMP_0539,28990,Industrial_Machinery,usable_rich,1,0,1,0,0,0,1,0,3
RMCT_COMP_0540,28990,Industrial_Machinery,usable_rich,1,1,1,0,0,0,1,0,4
RMCT_COMP_0541,28990,Industrial_Machinery,usable,0,1,1,0,1,1,1,0,5
RMCT_COMP_0542,28990,Industrial_Machinery,usable_rich,1,1,1,0,1,1,1,0,6
RMCT_COMP_0543,28990,Industrial_Machinery,short_but_usable,0,0,0,0,0,0,0,0,0
RMCT_COMP_0544,28990,Industrial_Machinery,usable_rich,1,1,1,0,0,0,1,1,5
RMCT_COMP_0545,28990,Industrial_Machinery,short_but_usable,0,1,1,0,0,0,0,0,2
RMCT_COMP_0546,28990,Industrial_Machinery,usable,1,0,1,1,0,1,0,0,4
RMCT_COMP_0547,28990,Industrial_Machinery,usable_rich,0,1,1,0,1,1,1,0,5
RMCT_COMP_0548,28990,Industrial_Machinery,usable_rich,0,1,1,1,0,1,1,0,5
RMCT_COMP_0549,28990,Industrial_Machinery,usable_rich,1,1,1,1,1,0,0,0,5
RMCT_COMP_0550,28990,Industrial_Machinery,usable_rich,1,0,1,1,1,1,0,0,5
RMCT_COMP_0551,28990,Industrial_Machinery,usable_rich,1,1,1,0,1,1,1,0,6
RMCT_COMP_0552,28990,Industrial_Machinery,usable_rich,1,1,1,1,1,1,1,0,7
RMCT_COMP_0553,28990,Industrial_Machinery,usable_rich,1,1,1,1,1,1,1,0,7
RMCT_COMP_0554,28990,Industrial_Machinery,usable,0,0,1,0,1,0,1,0,3
RMCT_COMP_0555,28990,Industrial_Machinery,usable_rich,0,1,1,1,1,0,1,0,5
RMCT_COMP_0556,28990,Industrial_Machinery,usable_rich,0,1,1,0,1,1,1,0,5
RMCT_COMP_0557,28990,Industrial_Machinery,usable,0,1,1,0,0,0,0,0,2
RMCT_COMP_0558,28990,Industrial_Machinery,usable_rich,1,1,1,0,1,1,1,0,6
RMCT_COMP_0559,28990,Industrial_Machinery,usable_rich,1,1,1,1,0,1,1,1,7
RMCT_COMP_0560,28990,Industrial_Machinery,usable_rich,0,1,1,1,0,1,1,1,6
RMCT_COMP_0561,28990,Industrial_Machinery,usable_rich,1,1,1,0,1,1,1,1,7
RMCT_COMP_0562,28990,Industrial_Machinery,usable_rich,1,1,1,0,1,1,1,0,6
RMCT_COMP_0563,28990,Industrial_Machinery,usable,0,1,0,0,1,1,0,0,3
RMCT_COMP_0564,28990,Industrial_Machinery,usable_rich,1,1,1,0,1,1,1,1,7
RMCT_COMP_0565,28990,Industrial_Machinery,usable,0,0,1,0,0,0,0,0,1
RMCT_COMP_0566,28990,Industrial_Machinery,short_but_usable,0,0,1,0,0,1,0,0,2
RMCT_COMP_0567,28990,Industrial_Machinery,usable_rich,0,1,1,0,0,1,0,0,3
RMCT_COMP_0568,28990,Industrial_Machinery,usable_rich,1,1,1,1,1,1,1,0,7
RMCT_COMP_0569,28990,Industrial_Machinery,usable_rich,1,1,1,1,1,1,1,1,8
RMCT_COMP_0570,28990,Industrial_Machinery,short_but_usable,0,0,1,0,0,1,0,0,2
RMCT_COMP_0571,28990,Industrial_Machinery,usable_rich,1,1,1,1,1,1,1,0,7
RMCT_COMP_0572,28990,Industrial_Machinery,usable_rich,0,0,1,0,0,0,1,1,3
RMCT_COMP_0573,28990,Industrial_Machinery,usable_rich,1,1,1,1,0,1,1,0,6
RMCT_COMP_0574,28990,Industrial_Machinery,usable_rich,0,1,1,0,1,1,1,0,5
RMCT_COMP_0575,28990,Industrial_Machinery,usable_rich,0,0,1,0,1,1,1,0,4
RMCT_COMP_0576,28990,Industrial_Machinery,usable_rich,1,1,0,1,1,1,1,0,6
RMCT_COMP_0577,28990,Industrial_Machinery,usable_rich,1,1,1,1,1,1,1,1,8
RMCT_COMP_0578,28990,Industrial_Machinery,usable,0,1,1,0,0,0,0,0,2
RMCT_COMP_0579,28990,Industrial_Machinery,usable,0,1,0,0,0,0,0,0,1
RMCT_COMP_0580,28990,Industrial_Machinery,usable_rich,0,1,1,0,0,0,1,0,3
RMCT_COMP_0581,28990,Industrial_Machinery,usable_rich,0,1,1,1,0,1,1,0,5
RMCT_COMP_0582,28990,Industrial_Machinery,usable_rich,1,1,1,0,0,1,1,1,6
RMCT_COMP_0583,28990,Industrial_Machinery,usable_rich,1,1,1,1,0,1,1,0,6
RMCT_COMP_0584,28990,Industrial_Machinery,usable_rich,0,1,1,0,1,1,1,1,6
RMCT_COMP_0585,28990,Industrial_Machinery,usable_rich,1,1,1,0,1,1,0,0,5
RMCT_COMP_0586,28990,Industrial_Machinery,usable_rich,0,1,1,0,0,0,0,0,2
RMCT_COMP_0587,28990,Industrial_Machinery,usable_rich,1,1,1,1,0,1,1,1,7
RMCT_COMP_0588,28990,Industrial_Machinery,usable_rich,1,1,1,1,0,1,0,0,5
RMCT_COMP_0589,28990,Industrial_Machinery,usable_rich,0,1,1,1,0,1,1,1,6
RMCT_COMP_0590,28990,Industrial_Machinery,usable,0,0,0,1,0,1,0,0,2
RMCT_COMP_0591,28990,Industrial_Machinery,usable_rich,0,1,1,1,1,1,1,0,6
RMCT_COMP_0592,28990,Industrial_Machinery,usable_rich,1,1,1,1,1,1,1,0,7
RMCT_COMP_0593,28990,Industrial_Machinery,usable_rich,0,1,1,1,1,0,1,1,6
RMCT_COMP_0594,28990,Industrial_Machinery,usable_rich,0,1,1,1,0,1,1,1,6
RMCT_COMP_0595,28990,Industrial_Machinery,usable_rich,0,1,1,1,0,1,1,1,6
RMCT_COMP_0596,28990,Industrial_Machinery,usable,0,1,0,0,1,1,1,0,4
RMCT_COMP_0597,28990,Industrial_Machinery,usable,0,1,0,0,1,0,0,0,2
RMCT_COMP_0598,28990,Industrial_Machinery,usable_rich,1,1,1,0,0,1,1,1,6
RMCT_COMP_0599,28990,Industrial_Machinery,usable_rich,1,1,1,0,1,0,0,0,4
RMCT_COMP_0600,29100,Automotive___Vehicle_Parts,usable,0,0,1,0,0,1,1,0,3
RMCT_COMP_0601,29100,Automotive___Vehicle_Parts,short_but_usable,1,0,0,0,0,0,1,0,2
RMCT_COMP_0602,29100,Automotive___Vehicle_Parts,usable,0,0,1,0,0,1,1,0,3
RMCT_COMP_0603,29100,Automotive___Vehicle_Parts,usable,0,0,1,0,0,0,1,0,2
RMCT_COMP_0604,29100,Automotive___Vehicle_Parts,usable,0,0,1,0,0,0,1,0,2
RMCT_COMP_0605,29100,Automotive___Vehicle_Parts,usable_rich,1,1,0,0,0,1,1,0,4
RMCT_COMP_0606,29100,Automotive___Vehicle_Parts,short_but_usable,0,0,0,0,0,0,1,0,1
RMCT_COMP_0607,29100,Automotive___Vehicle_Parts,usable_rich,1,0,0,0,0,0,1,0,2
RMCT_COMP_0608,29100,Automotive___Vehicle_Parts,usable_rich,0,0,0,0,0,0,1,0,1
RMCT_COMP_0609,29100,Automotive___Vehicle_Parts,usable,1,1,0,0,0,0,1,0,3
RMCT_COMP_0610,29100,Automotive___Vehicle_Parts,usable_rich,0,1,1,0,0,1,1,0,4
RMCT_COMP_0611,29100,Automotive___Vehicle_Parts,usable_rich,1,1,1,0,1,1,1,0,6
RMCT_COMP_0612,29100,Automotive___Vehicle_Parts,usable_rich,1,1,1,0,0,0,1,0,4
RMCT_COMP_0613,29100,Automotive___Vehicle_Parts,usable,0,0,1,0,0,0,1,0,2
RMCT_COMP_0614,29100,Automotive___Vehicle_Parts,short_but_usable,0,0,1,0,0,0,1,0,2
RMCT_COMP_0615,29100,Automotive___Vehicle_Parts,usable_rich,0,0,0,0,0,0,1,0,1
RMCT_COMP_0616,29201,Automotive___Vehicle_Parts,usable_rich,1,1,1,0,1,1,1,0,6
RMCT_COMP_0617,29201,Automotive___Vehicle_Parts,usable_rich,0,0,0,0,1,1,1,0,3
RMCT_COMP_0618,29201,Automotive___Vehicle_Parts,usable_rich,0,1,1,0,0,1,1,1,5
RMCT_COMP_0619,29201,Automotive___Vehicle_Parts,usable_rich,1,1,0,0,0,1,1,0,4
RMCT_COMP_0620,29201,Automotive___Vehicle_Parts,usable_rich,1,1,1,1,1,1,1,0,7
RMCT_COMP_0621,29201,Automotive___Vehicle_Parts,usable_rich,1,1,1,0,0,1,1,1,6
RMCT_COMP_0622,29201,Automotive___Vehicle_Parts,usable,0,1,1,0,0,0,1,0,3
RMCT_COMP_0623,29201,Automotive___Vehicle_Parts,usable,0,1,1,0,0,0,1,0,3
RMCT_COMP_0624,29201,Automotive___Vehicle_Parts,usable_rich,0,1,1,0,0,0,1,0,3
RMCT_COMP_0625,29201,Automotive___Vehicle_Parts,usable_rich,1,1,1,0,0,0,1,0,4
RMCT_COMP_0626,29201,Automotive___Vehicle_Parts,usable,0,1,0,0,0,0,1,0,2
RMCT_COMP_0627,29201,Automotive___Vehicle_Parts,usable_rich,1,1,1,1,1,1,1,1,8
RMCT_COMP_0628,29201,Automotive___Vehicle_Parts,usable,0,0,1,0,0,0,1,0,2
RMCT_COMP_0629,29201,Automotive___Vehicle_Parts,usable_rich,0,1,1,0,1,1,1,0,5
RMCT_COMP_0630,29201,Automotive___Vehicle_Parts,usable_rich,0,1,1,0,0,1,1,1,5
RMCT_COMP_0631,29201,Automotive___Vehicle_Parts,short_but_usable,0,0,0,0,0,0,1,0,1
RMCT_COMP_0632,29202,Automotive___Vehicle_Parts,usable_rich,0,1,0,0,0,0,1,1,3
RMCT_COMP_0633,29202,Automotive___Vehicle_Parts,usable_rich,1,1,1,0,1,1,1,1,7
RMCT_COMP_0634,29202,Automotive___Vehicle_Parts,short_but_usable,0,0,1,0,0,0,1,0,2
RMCT_COMP_0635,29202,Automotive___Vehicle_Parts,usable,0,1,0,1,1,1,1,0,5
RMCT_COMP_0636,29202,Automotive___Vehicle_Parts,usable,0,0,1,0,0,0,1,0,2
RMCT_COMP_0637,29202,Automotive___Vehicle_Parts,usable_rich,0,1,1,0,0,0,1,0,3
RMCT_COMP_0638,29202,Automotive___Vehicle_Parts,usable_rich,0,1,1,0,0,0,1,0,3
RMCT_COMP_0639,29310,Automotive___Vehicle_Parts,usable_rich,0,1,1,0,1,1,1,0,5
RMCT_COMP_0640,29310,Automotive___Vehicle_Parts,usable,0,0,1,0,0,0,1,0,2
RMCT_COMP_0641,29310,Automotive___Vehicle_Parts,usable_rich,0,1,1,0,1,0,1,1,5
RMCT_COMP_0642,29310,Automotive___Vehicle_Parts,usable_rich,1,0,0,0,0,1,1,0,3
RMCT_COMP_0643,29310,Automotive___Vehicle_Parts,usable_rich,0,1,1,0,0,1,1,1,5
RMCT_COMP_0644,29310,Automotive___Vehicle_Parts,usable_rich,1,1,1,0,0,0,1,0,4
RMCT_COMP_0645,29320,Automotive___Vehicle_Parts,usable_rich,0,0,0,0,0,0,1,0,1
RMCT_COMP_0646,29320,Automotive___Vehicle_Parts,usable_rich,1,1,1,1,1,1,1,0,7
RMCT_COMP_0647,29320,Automotive___Vehicle_Parts,usable_rich,1,1,1,0,0,1,1,1,6
RMCT_COMP_0648,29320,Automotive___Vehicle_Parts,usable_rich,0,1,1,0,1,0,1,0,4
RMCT_COMP_0649,29320,Automotive___Vehicle_Parts,short_but_usable,1,0,0,0,0,0,1,0,2
RMCT_COMP_0650,29320,Automotive___Vehicle_Parts,usable,0,1,0,0,0,0,1,0,2
RMCT_COMP_0651,29320,Automotive___Vehicle_Parts,usable_rich,1,1,1,1,1,1,1,0,7
RMCT_COMP_0652,29320,Automotive___Vehicle_Parts,usable,0,0,0,0,0,0,1,0,1
RMCT_COMP_0653,29320,Automotive___Vehicle_Parts,usable_rich,1,1,1,0,0,1,1,0,5
RMCT_COMP_0654,29320,Automotive___Vehicle_Parts,short_but_usable,0,0,0,0,0,0,1,0,1
RMCT_COMP_0655,29320,Automotive___Vehicle_Parts,usable_rich,1,1,1,1,0,1,1,1,7
RMCT_COMP_0656,29320,Automotive___Vehicle_Parts,usable,1,1,1,0,0,0,1,0,4
RMCT_COMP_0657,29320,Automotive___Vehicle_Parts,usable_rich,0,1,1,0,0,1,1,0,4
RMCT_COMP_0658,29320,Automotive___Vehicle_Parts,usable,0,1,1,1,1,1,1,0,6
RMCT_COMP_0659,29320,Automotive___Vehicle_Parts,usable_rich,1,1,1,0,1,0,1,0,5
RMCT_COMP_0660,29320,Automotive___Vehicle_Parts,usable_rich,0,1,1,0,1,1,1,0,5
RMCT_COMP_0661,29320,Automotive___Vehicle_Parts,usable,0,1,1,0,0,0,1,0,3
RMCT_COMP_0662,29320,Automotive___Vehicle_Parts,short_but_usable,0,1,0,0,0,0,1,0,2
RMCT_COMP_0663,29320,Automotive___Vehicle_Parts,usable,0,1,1,0,0,0,1,0,3
RMCT_COMP_0664,29320,Automotive___Vehicle_Parts,usable_rich,0,0,1,0,0,0,1,0,2
RMCT_COMP_0665,29320,Automotive___Vehicle_Parts,usable,0,1,1,0,0,0,1,0,3
RMCT_COMP_0666,29320,Automotive___Vehicle_Parts,usable,1,1,0,0,1,1,1,0,5
RMCT_COMP_0667,29320,Automotive___Vehicle_Parts,usable,0,1,0,0,1,0,1,0,3
RMCT_COMP_0668,29320,Automotive___Vehicle_Parts,usable,0,1,0,0,0,1,1,0,3
RMCT_COMP_0669,29320,Automotive___Vehicle_Parts,usable_rich,1,1,1,0,1,0,1,0,5
RMCT_COMP_0670,29320,Automotive___Vehicle_Parts,usable_rich,1,1,1,1,1,1,1,1,8
RMCT_COMP_0671,29320,Automotive___Vehicle_Parts,usable,0,1,0,0,0,0,1,0,2
RMCT_COMP_0672,29320,Automotive___Vehicle_Parts,usable_rich,0,1,1,0,0,1,1,1,5
RMCT_COMP_0673,29320,Automotive___Vehicle_Parts,usable_rich,1,1,1,0,0,1,1,1,6
RMCT_COMP_0674,29320,Automotive___Vehicle_Parts,short_but_usable,0,0,0,0,0,0,1,0,1
RMCT_COMP_0675,29320,Automotive___Vehicle_Parts,usable_rich,1,1,1,1,1,1,1,0,7
RMCT_COMP_0676,29320,Automotive___Vehicle_Parts,usable,1,1,1,0,0,0,1,0,4
RMCT_COMP_0677,29320,Automotive___Vehicle_Parts,usable_rich,1,1,1,1,1,1,1,0,7
RMCT_COMP_0678,29320,Automotive___Vehicle_Parts,usable_rich,1,0,1,0,0,0,1,1,4
RMCT_COMP_0679,29320,Automotive___Vehicle_Parts,usable_rich,0,1,0,0,0,1,1,0,3
RMCT_COMP_0680,29320,Automotive___Vehicle_Parts,usable,0,1,0,0,1,1,1,0,4
RMCT_COMP_0681,29320,Automotive___Vehicle_Parts,usable_rich,1,1,1,1,1,1,1,1,8
RMCT_COMP_0682,29320,Automotive___Vehicle_Parts,usable,0,1,1,0,0,0,1,0,3
RMCT_COMP_0683,29320,Automotive___Vehicle_Parts,usable_rich,1,1,1,0,1,1,1,1,7
RMCT_COMP_0684,29320,Automotive___Vehicle_Parts,usable_rich,0,1,0,0,1,1,1,0,4
RMCT_COMP_0685,29320,Automotive___Vehicle_Parts,usable_rich,0,1,1,1,1,1,1,0,6
RMCT_COMP_0686,29320,Automotive___Vehicle_Parts,usable,0,1,0,0,0,0,1,0,2
RMCT_COMP_0687,29320,Automotive___Vehicle_Parts,usable,0,0,1,0,0,0,1,0,2
RMCT_COMP_0688,30200,Aerospace___Transport,usable,1,1,1,0,0,1,1,0,5
RMCT_COMP_0689,30300,Aerospace___Transport,usable_rich,1,1,1,0,0,0,1,0,4
RMCT_COMP_0690,30300,Aerospace___Transport,usable,1,1,0,0,0,0,1,0,3
RMCT_COMP_0691,30910,Aerospace___Transport,usable_rich,1,1,1,0,0,0,1,0,4
RMCT_COMP_0692,30910,Aerospace___Transport,usable_rich,0,1,1,0,0,1,1,0,4
RMCT_COMP_0693,30990,Aerospace___Transport,usable,0,1,1,0,0,0,1,0,3
RMCT_COMP_0694,30990,Aerospace___Transport,usable_rich,0,1,0,0,0,0,1,1,3
RMCT_COMP_0695,30990,Aerospace___Transport,usable_rich,0,1,1,0,0,0,1,0,3
RMCT_COMP_0696,30990,Aerospace___Transport,usable_rich,0,1,1,1,1,1,1,0,6
RMCT_COMP_0697,30990,Aerospace___Transport,usable_rich,1,1,1,0,0,1,1,0,5
RMCT_COMP_0698,30990,Aerospace___Transport,usable_rich,0,0,1,0,1,1,1,0,4
RMCT_COMP_0699,30990,Aerospace___Transport,usable,0,1,1,0,0,0,1,0,3
RMCT_COMP_0700,30990,Aerospace___Transport,usable_rich,0,0,1,0,1,0,1,0,3
RMCT_COMP_0701,30990,Aerospace___Transport,short_but_usable,0,0,0,0,0,0,1,0,1
RMCT_COMP_0702,30990,Aerospace___Transport,short_but_usable,0,0,1,0,0,0,1,0,2
RMCT_COMP_0703,30990,Aerospace___Transport,usable_rich,0,1,1,0,1,1,1,0,5
RMCT_COMP_0704,30990,Aerospace___Transport,short_but_usable,0,0,1,0,0,0,1,0,2
RMCT_COMP_0705,71129,Engineering_Services,usable,0,1,1,1,0,1,0,0,4
RMCT_COMP_0706,71129,Engineering_Services,usable_rich,0,0,1,0,0,0,1,0,2
RMCT_COMP_0707,71129,Engineering_Services,usable_rich,1,1,1,1,0,1,1,1,7
RMCT_COMP_0708,71129,Engineering_Services,usable,0,1,0,0,1,1,1,0,4
RMCT_COMP_0709,71129,Engineering_Services,usable,1,1,1,0,0,0,0,0,3
RMCT_COMP_0710,71129,Engineering_Services,usable_rich,1,1,1,0,0,0,0,0,3
RMCT_COMP_0711,71129,Engineering_Services,usable_rich,1,1,1,0,0,0,0,0,3
RMCT_COMP_0712,71129,Engineering_Services,usable,1,0,1,0,1,0,1,1,5
RMCT_COMP_0713,71129,Engineering_Services,usable_rich,0,1,1,0,0,0,1,1,4
RMCT_COMP_0714,71129,Engineering_Services,usable_rich,1,1,1,1,1,1,1,0,7
RMCT_COMP_0715,71129,Engineering_Services,usable,0,1,1,0,1,0,0,0,3
RMCT_COMP_0716,71129,Engineering_Services,usable,0,1,0,1,1,1,0,0,4
RMCT_COMP_0717,71129,Engineering_Services,usable_rich,1,1,1,1,1,1,1,0,7
RMCT_COMP_0718,71129,Engineering_Services,usable_rich,1,1,1,0,0,0,1,0,4
RMCT_COMP_0719,71129,Engineering_Services,usable_rich,0,1,1,0,0,0,0,0,2
RMCT_COMP_0720,71129,Engineering_Services,usable_rich,0,0,0,0,1,0,0,0,1
RMCT_COMP_0721,71129,Engineering_Services,usable_rich,1,1,1,1,1,1,1,1,8
RMCT_COMP_0722,71129,Engineering_Services,usable_rich,1,1,1,0,0,1,1,0,5
RMCT_COMP_0723,71129,Engineering_Services,usable_rich,1,1,1,0,0,0,1,0,4
RMCT_COMP_0724,71129,Engineering_Services,usable_rich,1,1,1,1,0,1,1,1,7
RMCT_COMP_0725,71129,Engineering_Services,usable_rich,1,1,1,1,1,1,1,0,7
RMCT_COMP_0726,71129,Engineering_Services,usable_rich,0,0,1,1,1,1,0,0,4
RMCT_COMP_0727,71129,Engineering_Services,usable,1,1,1,0,0,0,1,0,4
RMCT_COMP_0728,71129,Engineering_Services,usable_rich,1,1,1,0,0,1,1,0,5
RMCT_COMP_0729,71129,Engineering_Services,usable_rich,1,1,1,0,1,0,1,0,5
RMCT_COMP_0730,71129,Engineering_Services,usable,0,0,1,0,0,0,1,0,2
RMCT_COMP_0731,71129,Engineering_Services,usable,0,0,0,0,0,0,1,0,1
RMCT_COMP_0732,71129,Engineering_Services,usable_rich,0,0,0,0,1,0,1,0,2
RMCT_COMP_0733,71129,Engineering_Services,usable_rich,0,1,1,0,0,0,1,0,3
RMCT_COMP_0734,71129,Engineering_Services,usable_rich,1,1,1,0,0,0,1,0,4
RMCT_COMP_0735,71129,Engineering_Services,usable,1,0,0,0,0,0,1,0,2
RMCT_COMP_0736,71129,Engineering_Services,usable,0,1,0,0,0,0,0,0,1
RMCT_COMP_0737,71129,Engineering_Services,usable,0,0,0,0,0,0,0,0,0
RMCT_COMP_0738,71129,Engineering_Services,short_but_usable,0,0,1,0,0,0,1,1,3
RMCT_COMP_0739,71129,Engineering_Services,usable_rich,0,1,1,1,1,1,0,0,5
RMCT_COMP_0740,71129,Engineering_Services,usable_rich,0,0,1,0,0,1,1,1,4
RMCT_COMP_0741,71129,Engineering_Services,usable,1,0,0,0,0,0,0,1,2
RMCT_COMP_0742,71129,Engineering_Services,usable_rich,0,1,1,0,0,0,0,1,3
RMCT_COMP_0743,71129,Engineering_Services,usable,0,0,1,0,0,1,1,0,3
RMCT_COMP_0744,71129,Engineering_Services,usable,0,0,1,0,1,0,0,0,2
RMCT_COMP_0745,71129,Engineering_Services,usable_rich,1,1,1,0,1,0,1,1,6
RMCT_COMP_0746,71129,Engineering_Services,usable_rich,1,0,1,1,0,1,1,0,5
RMCT_COMP_0747,71129,Engineering_Services,usable_rich,1,1,1,0,0,0,0,0,3
RMCT_COMP_0748,71129,Engineering_Services,usable_rich,1,1,1,0,0,1,1,0,5
RMCT_COMP_0749,71129,Engineering_Services,short_but_usable,0,0,1,0,0,0,0,0,1
RMCT_COMP_0750,71129,Engineering_Services,usable_rich,1,1,1,0,0,0,1,0,4
RMCT_COMP_0751,71129,Engineering_Services,usable_rich,1,1,1,0,0,0,1,0,4
RMCT_COMP_0752,71129,Engineering_Services,usable_rich,1,1,1,0,0,0,0,0,3
RMCT_COMP_0753,71129,Engineering_Services,usable,0,1,1,0,1,1,0,0,4
RMCT_COMP_0754,71129,Engineering_Services,usable_rich,0,0,0,0,0,1,1,1,3
RMCT_COMP_0755,71129,Engineering_Services,usable,1,1,1,0,1,1,0,0,5
RMCT_COMP_0756,71129,Engineering_Services,short_but_usable,0,1,1,0,0,0,1,0,3
RMCT_COMP_0757,71129,Engineering_Services,usable_rich,1,1,1,0,1,1,1,1,7
RMCT_COMP_0758,71129,Engineering_Services,usable_rich,0,1,1,0,0,0,1,1,4
RMCT_COMP_0759,71129,Engineering_Services,usable_rich,0,1,1,0,0,0,1,1,4
RMCT_COMP_0760,71129,Engineering_Services,usable_rich,0,1,1,0,0,0,1,1,4
RMCT_COMP_0761,71129,Engineering_Services,usable_rich,0,1,1,0,0,0,1,1,4
RMCT_COMP_0762,71129,Engineering_Services,usable_rich,0,1,1,0,0,0,1,1,4
RMCT_COMP_0763,71129,Engineering_Services,usable_rich,1,1,1,0,0,0,1,1,5
RMCT_COMP_0764,71129,Engineering_Services,usable_rich,1,1,1,0,0,0,1,1,5
RMCT_COMP_0765,71129,Engineering_Services,usable_rich,1,0,1,0,0,0,0,0,2
RMCT_COMP_0766,71129,Engineering_Services,usable,1,0,0,0,0,1,0,0,2
RMCT_COMP_0767,71129,Engineering_Services,usable,0,0,1,0,0,0,1,0,2
RMCT_COMP_0768,71129,Engineering_Services,usable_rich,0,0,1,0,1,0,1,0,3
RMCT_COMP_0769,71129,Engineering_Services,usable,0,1,1,0,0,0,1,0,3
RMCT_COMP_0770,71129,Engineering_Services,usable_rich,0,1,1,1,1,1,1,0,6
RMCT_COMP_0771,71129,Engineering_Services,usable,0,1,1,1,0,1,1,0,5
RMCT_COMP_0772,71129,Engineering_Services,usable,0,1,1,0,1,0,1,0,4
RMCT_COMP_0773,71129,Engineering_Services,short_but_usable,0,0,1,0,0,0,0,0,1
RMCT_COMP_0774,71129,Engineering_Services,short_but_usable,0,0,1,0,0,0,0,0,1
RMCT_COMP_0775,71129,Engineering_Services,short_but_usable,0,0,1,0,0,0,1,0,2
RMCT_COMP_0776,71129,Engineering_Services,usable_rich,1,1,1,0,1,1,1,1,7
RMCT_COMP_0777,71129,Engineering_Services,short_but_usable,0,0,0,0,0,0,0,1,1
RMCT_COMP_0778,71129,Engineering_Services,usable_rich,1,1,1,0,1,1,1,1,7
RMCT_COMP_0779,71129,Engineering_Services,usable_rich,0,1,1,0,0,0,1,0,3
RMCT_COMP_0780,71129,Engineering_Services,usable,1,1,1,1,0,1,1,0,6
RMCT_COMP_0781,71129,Engineering_Services,usable_rich,0,1,1,0,0,0,1,1,4
RMCT_COMP_0782,71129,Engineering_Services,usable_rich,1,0,1,1,1,1,1,0,6
RMCT_COMP_0783,71129,Engineering_Services,usable_rich,1,1,1,0,0,0,1,1,5
RMCT_COMP_0784,71129,Engineering_Services,usable,0,1,1,0,0,0,0,0,2
RMCT_COMP_0785,71129,Engineering_Services,usable,1,1,1,0,1,0,1,0,5
RMCT_COMP_0786,71129,Engineering_Services,usable,1,0,1,0,0,1,0,0,3
RMCT_COMP_0787,71129,Engineering_Services,usable,0,1,1,1,0,1,1,0,5
RMCT_COMP_0788,71129,Engineering_Services,usable_rich,1,1,1,0,1,1,1,1,7
RMCT_COMP_0789,71129,Engineering_Services,usable_rich,1,1,1,0,0,0,1,1,5
RMCT_COMP_0790,71129,Engineering_Services,usable_rich,0,0,1,0,1,0,1,1,4
RMCT_COMP_0791,71129,Engineering_Services,short_but_usable,0,0,0,0,0,0,1,0,1
RMCT_COMP_0792,71129,Engineering_Services,usable_rich,1,0,1,0,1,1,1,1,6
RMCT_COMP_0793,71129,Engineering_Services,usable_rich,0,0,1,0,0,1,1,0,3
RMCT_COMP_0794,71129,Engineering_Services,short_but_usable,0,0,0,0,0,0,1,1,2
RMCT_COMP_0795,71129,Engineering_Services,usable,1,1,1,0,1,1,0,0,5
RMCT_COMP_0796,71129,Engineering_Services,usable,1,1,1,0,1,1,0,0,5
RMCT_COMP_0797,71129,Engineering_Services,usable_rich,0,1,1,1,0,1,1,1,6
RMCT_COMP_0798,71129,Engineering_Services,usable,0,0,0,1,1,1,1,0,4
RMCT_COMP_0799,71129,Engineering_Services,short_but_usable,0,0,0,0,0,0,1,0,1
RMCT_COMP_0800,71129,Engineering_Services,usable,0,0,1,0,0,0,0,0,1
RMCT_COMP_0801,71129,Engineering_Services,usable,0,1,1,0,0,1,1,1,5
RMCT_COMP_0802,71129,Engineering_Services,usable,0,1,0,1,1,1,1,0,5
RMCT_COMP_0803,71129,Engineering_Services,usable_rich,0,1,1,0,0,1,1,1,5
RMCT_COMP_0804,71129,Engineering_Services,short_but_usable,0,0,0,0,0,0,0,0,0
RMCT_COMP_0805,71129,Engineering_Services,usable,0,0,0,0,0,0,1,0,1
RMCT_COMP_0806,71129,Engineering_Services,usable_rich,1,1,1,0,0,0,1,1,5
RMCT_COMP_0807,71129,Engineering_Services,usable,0,0,1,0,0,0,1,0,2
RMCT_COMP_0808,71129,Engineering_Services,usable,0,1,1,0,0,1,1,0,4
RMCT_COMP_0809,71129,Engineering_Services,usable_rich,1,1,1,0,0,0,1,1,5
RMCT_COMP_0810,71129,Engineering_Services,usable_rich,1,0,1,0,0,1,1,1,5
RMCT_COMP_0811,71129,Engineering_Services,usable,0,0,1,0,1,0,1,0,3
RMCT_COMP_0812,71129,Engineering_Services,usable_rich,1,1,1,0,0,1,1,1,6
RMCT_COMP_0813,71129,Engineering_Services,usable_rich,0,0,0,0,0,0,1,1,2
RMCT_COMP_0814,71129,Engineering_Services,usable_rich,1,0,1,0,1,0,1,0,4
RMCT_COMP_0815,71129,Engineering_Services,usable,0,1,1,0,0,0,0,0,2
RMCT_COMP_0816,71129,Engineering_Services,usable_rich,0,1,1,1,1,1,0,0,5
RMCT_COMP_0817,71129,Engineering_Services,usable,0,0,0,0,0,0,1,0,1
RMCT_COMP_0818,71129,Engineering_Services,usable,0,0,1,1,1,0,1,0,4
RMCT_COMP_0819,71129,Engineering_Services,usable_rich,0,1,0,0,0,0,1,0,2
RMCT_COMP_0820,71129,Engineering_Services,usable_rich,1,1,0,0,0,0,1,0,3
RMCT_COMP_0821,71129,Engineering_Services,usable_rich,1,1,1,1,1,1,1,0,7
RMCT_COMP_0822,71129,Engineering_Services,usable_rich,1,1,1,0,1,1,0,0,5
RMCT_COMP_0823,71129,Engineering_Services,usable_rich,1,1,1,1,0,1,1,0,6
RMCT_COMP_0824,71129,Engineering_Services,usable_rich,1,1,1,0,0,1,1,1,6
RMCT_COMP_0825,71129,Engineering_Services,usable_rich,1,1,1,1,1,1,1,0,7
RMCT_COMP_0826,71129,Engineering_Services,usable_rich,1,1,1,0,0,1,1,1,6
RMCT_COMP_0827,71129,Engineering_Services,usable_rich,1,1,1,0,0,1,0,0,4
RMCT_COMP_0828,71129,Engineering_Services,usable_rich,1,1,1,1,1,1,1,1,8
RMCT_COMP_0829,71129,Engineering_Services,very_short,0,0,0,0,0,0,0,0,0
RMCT_COMP_0830,71129,Engineering_Services,usable_rich,1,1,1,0,0,0,0,0,3
RMCT_COMP_0831,71129,Engineering_Services,usable_rich,1,0,1,0,0,0,1,0,3
RMCT_COMP_0832,71129,Engineering_Services,usable,1,1,1,0,0,0,1,1,5
RMCT_COMP_0833,71129,Engineering_Services,usable,0,0,1,0,0,0,1,1,3
RMCT_COMP_0834,71129,Engineering_Services,usable,1,0,0,0,0,0,1,0,2
RMCT_COMP_0835,71129,Engineering_Services,usable_rich,0,1,0,0,0,0,1,1,3
RMCT_COMP_0836,71129,Engineering_Services,usable_rich,0,1,1,0,0,0,0,0,2
RMCT_COMP_0837,71129,Engineering_Services,usable,0,1,1,0,0,0,0,0,2
RMCT_COMP_0838,71129,Engineering_Services,usable_rich,0,1,1,1,1,1,1,1,7
RMCT_COMP_0839,71129,Engineering_Services,usable,1,1,0,0,0,0,0,0,2
RMCT_COMP_0840,71129,Engineering_Services,usable_rich,1,1,1,1,1,1,1,0,7
RMCT_COMP_0841,71129,Engineering_Services,usable,0,0,1,1,1,0,0,1,4
RMCT_COMP_0842,71129,Engineering_Services,usable_rich,1,0,1,0,0,0,1,0,3
RMCT_COMP_0843,71129,Engineering_Services,usable_rich,1,1,1,1,1,1,1,0,7
RMCT_COMP_0844,71129,Engineering_Services,usable,1,1,0,1,0,1,0,0,4
RMCT_COMP_0845,71129,Engineering_Services,usable_rich,0,0,1,0,0,0,1,0,2
RMCT_COMP_0846,71129,Engineering_Services,usable_rich,1,1,1,0,0,1,0,1,5
RMCT_COMP_0847,71129,Engineering_Services,usable,0,0,0,0,0,0,0,0,0
RMCT_COMP_0848,71129,Engineering_Services,short_but_usable,0,0,0,0,1,1,1,0,3
RMCT_COMP_0849,71129,Engineering_Services,usable_rich,0,1,1,0,0,0,1,1,4
RMCT_COMP_0850,71129,Engineering_Services,usable_rich,1,1,1,0,1,1,1,1,7
RMCT_COMP_0851,71129,Engineering_Services,usable_rich,1,1,1,0,1,1,1,1,7
RMCT_COMP_0852,71129,Engineering_Services,usable_rich,1,1,0,0,1,1,1,0,5
RMCT_COMP_0853,71129,Engineering_Services,short_but_usable,0,1,1,0,0,0,1,0,3
RMCT_COMP_0854,71129,Engineering_Services,usable,0,0,0,0,0,0,1,0,1
RMCT_COMP_0855,71129,Engineering_Services,short_but_usable,0,0,1,0,0,0,0,0,1
RMCT_COMP_0856,71129,Engineering_Services,short_but_usable,1,0,0,0,0,1,1,0,3
RMCT_COMP_0857,71129,Engineering_Services,short_but_usable,0,0,0,0,0,1,0,0,1
RMCT_COMP_0858,71129,Engineering_Services,usable_rich,1,1,1,0,0,1,1,1,6
RMCT_COMP_0859,71129,Engineering_Services,usable,0,1,0,0,0,0,1,0,2
RMCT_COMP_0860,71129,Engineering_Services,usable,0,1,1,0,1,1,0,0,4
RMCT_COMP_0861,71129,Engineering_Services,usable_rich,0,0,1,0,1,1,1,1,5
RMCT_COMP_0862,71129,Engineering_Services,usable_rich,0,1,1,0,0,0,0,0,2
RMCT_COMP_0863,71129,Engineering_Services,usable_rich,1,1,1,1,1,1,0,0,6
RMCT_COMP_0864,71129,Engineering_Services,usable_rich,1,0,1,1,0,0,0,0,3
RMCT_COMP_0865,71129,Engineering_Services,usable_rich,1,1,1,0,0,0,1,1,5
RMCT_COMP_0866,71129,Engineering_Services,usable,1,1,1,0,0,0,1,0,4
RMCT_COMP_0867,71129,Engineering_Services,usable,0,0,1,0,0,0,0,0,1
RMCT_COMP_0868,71129,Engineering_Services,usable_rich,1,0,1,0,0,0,1,1,4
RMCT_COMP_0869,71129,Engineering_Services,usable_rich,1,1,1,0,0,0,1,1,5
RMCT_COMP_0870,71129,Engineering_Services,usable,0,1,0,0,0,1,1,0,3
RMCT_COMP_0871,71129,Engineering_Services,usable,0,1,0,0,0,1,1,0,3
RMCT_COMP_0872,71129,Engineering_Services,usable_rich,0,1,1,0,0,1,0,0,3
RMCT_COMP_0873,71129,Engineering_Services,usable_rich,1,1,1,0,0,0,1,1,5
RMCT_COMP_0874,71129,Engineering_Services,usable_rich,1,1,0,0,1,0,1,0,4
RMCT_COMP_0875,71129,Engineering_Services,usable_rich,0,1,1,0,0,1,1,0,4
RMCT_COMP_0876,71129,Engineering_Services,usable_rich,0,1,0,0,1,1,1,0,4
RMCT_COMP_0877,71129,Engineering_Services,usable_rich,1,1,1,1,1,1,1,0,7
RMCT_COMP_0878,71129,Engineering_Services,usable_rich,0,1,1,0,1,0,0,0,3
RMCT_COMP_0879,71129,Engineering_Services,usable_rich,1,0,1,0,1,1,1,1,6
RMCT_COMP_0880,71129,Engineering_Services,usable_rich,0,0,0,0,0,0,1,0,1
RMCT_COMP_0881,71129,Engineering_Services,usable_rich,0,0,0,0,0,0,0,0,0
RMCT_COMP_0882,71129,Engineering_Services,usable_rich,1,1,1,0,0,1,1,0,5
RMCT_COMP_0883,71129,Engineering_Services,usable_rich,1,1,1,0,0,1,1,1,6
RMCT_COMP_0884,71129,Engineering_Services,usable,1,1,1,0,1,0,0,0,4
RMCT_COMP_0885,71129,Engineering_Services,usable_rich,1,1,1,1,0,0,0,0,4
RMCT_COMP_0886,71129,Engineering_Services,very_short,0,0,0,0,0,0,0,0,0
RMCT_COMP_0887,71129,Engineering_Services,usable_rich,1,0,1,0,0,0,1,1,4
RMCT_COMP_0888,71129,Engineering_Services,usable_rich,1,1,0,0,0,1,1,0,4
